,district_name,lng,lat
0,Lewisham London Boro,0.0028528,51.4420937
1,Kingston upon Thames London Boro,-0.2535104,51.3927332
2,Greenwich London Boro,0.0814303,51.4846727
3,Wandsworth London Boro,-0.182608,51.458354
4,Newham London Boro,0.0661397,51.512515
5,Greenwich London Boro,-0.0108731,51.4719405
6,Kingston upon Thames London Boro,-0.252992,51.41553
7,Barnet London Boro,-0.1764038,51.6295177
8,Enfield London Boro,-0.0461543,51.6667277
9,Harrow London Boro,-0.3556713,51.5811524
10,Enfield London Boro,-0.0860362,51.6427364
11,Enfield London Boro,-0.071099,51.666744
12,Harrow London Boro,-0.3777142,51.6005045
13,Haringey London Boro,-0.1539093,51.5782689
14,Brent London Boro,-0.29856,51.5602586
15,Ealing London Boro,-0.3044807,51.5209131
16,Redbridge London Boro,0.107145,51.5693841
17,Ealing London Boro,-0.3069377,51.5149058
18,Hounslow London Boro,-0.2546602,51.4848018
19,Greenwich London Boro,0.0485869,51.4842709
20,Croydon London Boro,-0.1351246,51.3259274
21,Enfield London Boro,-0.082253,51.648532
22,Bromley London Boro,0.0135492,51.4147162
23,Sutton London Boro,-0.1859011,51.359872
24,Ealing London Boro,-0.3514427,51.5540175
25,Harrow London Boro,-0.3172389,51.5925331
26,Hackney London Boro,-0.04987,51.557614
27,Barnet London Boro,-0.1535284,51.6486627
28,Waltham Forest London Boro,0.0031195,51.5881302
29,Greenwich London Boro,0.0736139,51.4812221
30,Redbridge London Boro,0.022524,51.573877
31,Camden London Boro,-0.1385098,51.5524781
32,Waltham Forest London Boro,0.002073,51.6184979
33,Kingston upon Thames London Boro,-0.3077499,51.3656612
34,Hillingdon London Boro,-0.473419,51.539097
35,Kingston upon Thames London Boro,-0.252992,51.41553
36,Brent London Boro,-0.2667532,51.5339672
37,Croydon London Boro,-0.1030474,51.3648186
38,Barnet London Boro,-0.172318,51.575563
39,Sutton London Boro,-0.209342,51.3606283
40,Wandsworth London Boro,-0.1653919,51.4406572
41,Haringey London Boro,-0.144241,51.597369
42,Harrow London Boro,-0.3691948,51.6138117
43,Ealing London Boro,-0.3108604,51.5206814
44,Bromley London Boro,0.0314189,51.4074384
45,Merton London Boro,-0.2039316,51.3920048
46,Brent London Boro,-0.3052379,51.5859112
47,Brent London Boro,-0.2688358,51.5923039
48,Waltham Forest London Boro,-0.0196593,51.572555
49,Croydon London Boro,-0.1155241,51.3348852
50,Havering London Boro,0.18847,51.581007
51,Croydon London Boro,-0.095543,51.347628
52,Southwark London Boro,-0.0782,51.453181
53,Sutton London Boro,-0.1481437,51.3544071
54,Kingston upon Thames London Boro,-0.2543761,51.3877372
55,Croydon London Boro,-0.0895716,51.3479269
56,Lewisham London Boro,-0.000565,51.444895
57,Harrow London Boro,-0.3436821,51.5889598
58,Barnet London Boro,-0.183074,51.619687
59,Merton London Boro,-0.1713631,51.3986606
60,Barnet London Boro,-0.283421,51.619765
61,Sutton London Boro,-0.1858277,51.3733746
62,Croydon London Boro,-0.101706,51.4024584
63,Croydon London Boro,-0.101489,51.403543
64,Newham London Boro,0.0463727,51.5216655
65,Hackney London Boro,-0.0526065,51.5549508
66,Ealing London Boro,-0.3124139,51.5110191
67,Kingston upon Thames London Boro,-0.2536129,51.3935365
68,Wandsworth London Boro,-0.1809879,51.4583334
69,Wandsworth London Boro,-0.1833624,51.4577351
70,Enfield London Boro,-0.071308,51.641797
71,Brent London Boro,-0.2033031,51.5352966
72,Croydon London Boro,-0.091263,51.36183
73,Hounslow London Boro,-0.3403554,51.4780167
74,Sutton London Boro,-0.1811826,51.3576174
75,Havering London Boro,0.1602001,51.5630462
76,Lambeth London Boro,-0.1269649,51.4310029
77,Bromley London Boro,0.0417181,51.4023582
78,Havering London Boro,0.237144,51.571989
79,Merton London Boro,-0.1506772,51.4023358
80,Hillingdon London Boro,-0.4260594,51.5736918
81,Ealing London Boro,-0.2917692,51.5139305
82,Barnet London Boro,-0.2010581,51.5818108
83,Havering London Boro,0.2278976,51.6113837
84,Bromley London Boro,0.077862,51.408674
85,Sutton London Boro,-0.2046996,51.3551887
86,Havering London Boro,0.2112134,51.5791132
87,Havering London Boro,0.2082148,51.5700022
88,Merton London Boro,-0.2254924,51.4166437
89,Bromley London Boro,0.0256635,51.4067017
90,Haringey London Boro,-0.077866,51.589577
91,Redbridge London Boro,0.1144373,51.5632727
92,Richmond upon Thames London Boro,-0.369641,51.42213
93,Ealing London Boro,-0.2987826,51.5082683
94,Croydon London Boro,-0.1064563,51.3211688
95,Wandsworth London Boro,-0.221385,51.448309
96,Kingston upon Thames London Boro,-0.302807,51.383349
97,Kingston upon Thames London Boro,-0.289201,51.380769
98,Kingston upon Thames London Boro,-0.289201,51.380769
99,Wandsworth London Boro,-0.1424611,51.4252694
100,Waltham Forest London Boro,0.00205,51.568724
101,Bromley London Boro,0.0447883,51.3970529
102,Richmond upon Thames London Boro,-0.3672262,51.4167489
103,Harrow London Boro,-0.3314906,51.5777447
104,Harrow London Boro,-0.3447755,51.5905873
105,Bexley London Boro,0.0975496,51.4316513
106,Waltham Forest London Boro,0.011968,51.573726
107,Kingston upon Thames London Boro,-0.2533784,51.3922814
108,Croydon London Boro,-0.1351205,51.3235532
109,Kingston upon Thames London Boro,-0.272265,51.411904
110,Greenwich London Boro,0.050214,51.4906813
111,Hammersmith and Fulham London Boro,-0.1912119,51.4718219
112,Croydon London Boro,-0.1033804,51.3212809
113,Barnet London Boro,-0.1744403,51.6140442
114,Newham London Boro,0.028194,51.51806
115,Newham London Boro,-0.001834,51.551237
116,Waltham Forest London Boro,0.000927,51.550372
117,Waltham Forest London Boro,-0.0022268,51.5501647
118,Redbridge London Boro,0.0938671,51.5607004
119,Newham London Boro,0.0537406,51.5518151
120,Lewisham London Boro,-0.0419064,51.4742255
121,Ealing London Boro,-0.3149302,51.5221068
122,Barnet London Boro,-0.1666912,51.6234949
123,Richmond upon Thames London Boro,-0.3124949,51.4577135
124,Kingston upon Thames London Boro,-0.265479,51.399691
125,Barnet London Boro,-0.1791945,51.617599
126,Greenwich London Boro,0.0504256,51.4909024
127,Greenwich London Boro,0.0507276,51.4912119
128,Hillingdon London Boro,-0.467035,51.518996
129,Hounslow London Boro,-0.3851072,51.4642538
130,Bromley London Boro,-0.034233,51.415204
131,Barnet London Boro,-0.197937,51.662765
132,Barnet London Boro,-0.268959,51.620921
133,Kingston upon Thames London Boro,-0.2905124,51.3841514
134,Kingston upon Thames London Boro,-0.295516,51.3987832
135,Bromley London Boro,-0.0182467,51.381814
136,Newham London Boro,0.031069,51.527329
137,Croydon London Boro,-0.1079238,51.321777
138,Croydon London Boro,-0.1331532,51.3433689
139,Barnet London Boro,-0.1782862,51.6131302
140,Enfield London Boro,-0.110309,51.620001
141,Enfield London Boro,-0.110309,51.620001
142,Newham London Boro,0.0655242,51.5288567
143,Greenwich London Boro,0.018955,51.469488
144,Waltham Forest London Boro,-0.014135,51.586724
145,Enfield London Boro,-0.0316854,51.6592382
146,Havering London Boro,0.2478638,51.5460588
147,Enfield London Boro,-0.1282538,51.6395773
148,Hillingdon London Boro,-0.423579,51.521721
149,City of Westminster London Boro,-0.1342963,51.4879709
150,Newham London Boro,0.0224065,51.5409928
151,Lewisham London Boro,0.004064,51.4405083
152,Lewisham London Boro,0.0015766,51.4438421
153,Brent London Boro,-0.299276,51.550341
154,Haringey London Boro,-0.0993014,51.6027019
155,Brent London Boro,-0.279999,51.550141
156,Wandsworth London Boro,-0.1550629,51.4741542
157,Bromley London Boro,0.0833654,51.4095389
158,Waltham Forest London Boro,-0.0187199,51.5732496
159,Merton London Boro,-0.194561,51.417612
160,Sutton London Boro,-0.1558008,51.3586466
161,Hillingdon London Boro,-0.459496,51.505328
162,Lambeth London Boro,-0.1074234,51.4714975
163,Lewisham London Boro,-0.0476229,51.4742309
164,Enfield London Boro,-0.108991,51.621464
165,Enfield London Boro,-0.0719246,51.6408149
166,Bromley London Boro,0.033928,51.439985
167,Hillingdon London Boro,-0.4205172,51.5949466
168,Enfield London Boro,-0.1136541,51.627114
169,Croydon London Boro,-0.1386283,51.3329795
170,Lewisham London Boro,-0.0403382,51.4345325
171,Redbridge London Boro,0.0637017,51.5656959
172,Bromley London Boro,-0.058448,51.405104
173,Brent London Boro,-0.3060893,51.5583533
174,Redbridge London Boro,0.023802,51.5708153
175,Tower Hamlets London Boro,-0.0404345,51.5172937
176,Waltham Forest London Boro,0.01171,51.573157
177,Waltham Forest London Boro,0.011968,51.573726
178,Haringey London Boro,-0.079659,51.591492
179,Haringey London Boro,-0.072161,51.597736
180,Kingston upon Thames London Boro,-0.296996,51.412131
181,Sutton London Boro,-0.1963864,51.356221
182,Lewisham London Boro,-0.0106892,51.4354449
183,Barnet London Boro,-0.245562,51.589822
184,Brent London Boro,-0.2676682,51.5303747
185,Barnet London Boro,-0.1961833,51.5665401
186,Sutton London Boro,-0.218956,51.3334732
187,Redbridge London Boro,0.0217406,51.5799693
188,Lewisham London Boro,0.002694,51.463778
189,Lewisham London Boro,-0.000499,51.461225
190,Hackney London Boro,-0.0555552,51.5642977
191,Greenwich London Boro,0.07941,51.494403
192,Barnet London Boro,-0.168351,51.616887
193,Bromley London Boro,0.0341125,51.4091632
194,Redbridge London Boro,0.1008041,51.5611166
195,Redbridge London Boro,0.0628355,51.5612238
196,Croydon London Boro,-0.1225883,51.3415364
197,Ealing London Boro,-0.3143957,51.5069111
198,Redbridge London Boro,0.029024,51.62326
199,Barnet London Boro,-0.174976,51.616648
200,Barnet London Boro,-0.196375,51.6047939
201,Greenwich London Boro,0.0329249,51.4747504
202,Newham London Boro,0.027185,51.541108
203,Croydon London Boro,-0.1052316,51.3961216
204,Hillingdon London Boro,-0.394887,51.51884
205,Barnet London Boro,-0.2026048,51.5868257
206,Merton London Boro,-0.159216,51.4103
207,Greenwich London Boro,0.0740026,51.4320613
208,Havering London Boro,0.231978,51.55991
209,Lambeth London Boro,-0.134864,51.42603
210,Bromley London Boro,0.0339417,51.4082309
211,Bromley London Boro,0.024969,51.41246
212,Sutton London Boro,-0.2064575,51.3646039
213,Redbridge London Boro,0.059999,51.565509
214,Bromley London Boro,0.101819,51.397707
215,Merton London Boro,-0.1702833,51.3981806
216,Lewisham London Boro,-0.0134769,51.4408339
217,Haringey London Boro,-0.077243,51.586822
218,Ealing London Boro,-0.3648051,51.5124266
219,Redbridge London Boro,0.02776,51.606944
220,Haringey London Boro,-0.109946,51.6029997
221,Haringey London Boro,-0.072161,51.597736
222,Haringey London Boro,-0.079659,51.591492
223,Croydon London Boro,-0.069258,51.393205
224,Hammersmith and Fulham London Boro,-0.207749,51.48891
225,Hammersmith and Fulham London Boro,-0.2422109,51.4962116
226,Hillingdon London Boro,-0.443332,51.524116
227,Hillingdon London Boro,-0.443332,51.524116
228,Waltham Forest London Boro,0.0013207,51.5629637
229,Hounslow London Boro,-0.384047,51.434118
230,Enfield London Boro,-0.1102428,51.6219335
231,Wandsworth London Boro,-0.2415748,51.4591982
232,Redbridge London Boro,0.0952689,51.5678162
233,Redbridge London Boro,0.061216,51.567196
234,Croydon London Boro,-0.0794066,51.4062407
235,Enfield London Boro,-0.0569796,51.6334016
236,Islington London Boro,-0.12721,51.550859
237,Enfield London Boro,-0.1057135,51.622463
238,Barking and Dagenham London Boro,0.100631,51.533566
239,Lambeth London Boro,-0.1196023,51.4183132
240,Sutton London Boro,-0.1458346,51.3553958
241,Sutton London Boro,-0.1543386,51.3528592
242,Croydon London Boro,-0.1248678,51.3440819
243,Croydon London Boro,-0.1248373,51.3409609
244,Sutton London Boro,-0.149778,51.3509168
245,Croydon London Boro,-0.1417724,51.3113119
246,Southwark London Boro,-0.0702877,51.452745
247,Enfield London Boro,-0.1381797,51.6368216
248,Richmond upon Thames London Boro,-0.316717,51.4157077
249,Richmond upon Thames London Boro,-0.359709,51.450857
250,Barnet London Boro,-0.266147,51.629159
251,Barnet London Boro,-0.200526,51.643279
252,Islington London Boro,-0.090314,51.537111
253,Islington London Boro,-0.0903382,51.5368303
254,Barking and Dagenham London Boro,0.1417225,51.5371933
255,Bromley London Boro,-0.0042388,51.3638872
256,Barnet London Boro,-0.190649,51.59911
257,Richmond upon Thames London Boro,-0.322536,51.4184396
258,Waltham Forest London Boro,0.002254,51.574018
259,Enfield London Boro,-0.1110741,51.6189614
260,Enfield London Boro,-0.1125492,51.623796
261,Barnet London Boro,-0.204875,51.572297
262,Haringey London Boro,-0.085729,51.587646
263,Haringey London Boro,-0.0924523,51.5838505
264,Barnet London Boro,-0.172318,51.575563
265,Barnet London Boro,-0.18729,51.601882
266,Sutton London Boro,-0.203267,51.340778
267,Barnet London Boro,-0.17152,51.641188
268,Sutton London Boro,-0.200081,51.3532023
269,Kingston upon Thames London Boro,-0.303738,51.388875
270,Kensington and Chelsea London Boro,-0.213093,51.52131
271,Harrow London Boro,-0.3521717,51.6017188
272,Harrow London Boro,-0.3514398,51.6018771
273,Lewisham London Boro,-0.0209213,51.4427134
274,Waltham Forest London Boro,0.000761,51.609754
275,Croydon London Boro,-0.104625,51.383657
276,Hillingdon London Boro,-0.4953854,51.6138512
277,Sutton London Boro,-0.1985372,51.3559483
278,Waltham Forest London Boro,0.0066554,51.5527199
279,Sutton London Boro,-0.138912,51.389063
280,Bromley London Boro,0.100066,51.419142
281,Havering London Boro,0.251741,51.5613156
282,Croydon London Boro,-0.118049,51.340618
283,Sutton London Boro,-0.1779961,51.3664379
284,Barking and Dagenham London Boro,0.1291058,51.5532773
285,Merton London Boro,-0.13732,51.405242
286,Croydon London Boro,-0.1397242,51.3332127
287,Bexley London Boro,0.1120802,51.42666
288,Barnet London Boro,-0.233823,51.581225
289,Redbridge London Boro,0.0256924,51.598399
290,Barnet London Boro,-0.234292,51.5829032
291,Barnet London Boro,-0.1628286,51.6162169
292,Barnet London Boro,-0.16832,51.629485
293,Merton London Boro,-0.190757,51.4207012
294,Waltham Forest London Boro,0.003962,51.618476
295,Redbridge London Boro,0.109353,51.56751
296,Kingston upon Thames London Boro,-0.302807,51.383349
297,Merton London Boro,-0.1713631,51.3986606
298,Wandsworth London Boro,-0.159722,51.449355
299,Sutton London Boro,-0.212378,51.370081
300,Sutton London Boro,-0.1648863,51.3624043
301,Sutton London Boro,-0.188266,51.356814
302,Haringey London Boro,-0.0762573,51.5756368
303,Croydon London Boro,-0.102884,51.355571
304,Redbridge London Boro,0.0673234,51.5612437
305,Waltham Forest London Boro,-0.0128713,51.5637444
306,Waltham Forest London Boro,0.0061509,51.5563346
307,Kensington and Chelsea London Boro,-0.1797041,51.4892601
308,Brent London Boro,-0.264125,51.567029
309,Brent London Boro,-0.270482,51.584316
310,Enfield London Boro,-0.0330404,51.6566621
311,Enfield London Boro,-0.0620952,51.6161037
312,Enfield London Boro,-0.06281,51.6332372
313,Enfield London Boro,-0.1115656,51.6227821
314,Waltham Forest London Boro,0.0017195,51.5743415
315,Haringey London Boro,-0.0747465,51.5970411
316,Haringey London Boro,-0.0554434,51.6017407
317,Enfield London Boro,-0.0645035,51.6175553
318,Enfield London Boro,-0.0619887,51.6369105
319,Lewisham London Boro,-0.034428,51.463948
320,Richmond upon Thames London Boro,-0.323722,51.429423
321,Richmond upon Thames London Boro,-0.312058,51.414912
322,Merton London Boro,-0.241444,51.395916
323,Kingston upon Thames London Boro,-0.2525449,51.3905336
324,Greenwich London Boro,0.070275,51.43648
325,Haringey London Boro,-0.102788,51.579342
326,Haringey London Boro,-0.102788,51.579342
327,Croydon London Boro,-0.0850552,51.3811624
328,Kingston upon Thames London Boro,-0.3082065,51.3821151
329,Kingston upon Thames London Boro,-0.3052591,51.3833225
330,Kingston upon Thames London Boro,-0.3027548,51.3849768
331,Croydon London Boro,-0.0924298,51.3817953
332,Croydon London Boro,-0.0899673,51.3677625
333,Ealing London Boro,-0.3832713,51.5110549
334,Havering London Boro,0.2060115,51.5561338
335,Richmond upon Thames London Boro,-0.2408441,51.4714619
336,Redbridge London Boro,0.040637,51.559455
337,Greenwich London Boro,0.084053,51.486596
338,Newham London Boro,0.015164,51.536037
339,Croydon London Boro,-0.1256813,51.3438521
340,Redbridge London Boro,0.022524,51.573877
341,Redbridge London Boro,0.1170492,51.5806716
342,Barnet London Boro,-0.1676461,51.6129922
343,Lambeth London Boro,-0.124052,51.439589
344,Sutton London Boro,-0.1406162,51.3551602
345,Hillingdon London Boro,-0.4382355,51.525852
346,Ealing London Boro,-0.3740543,51.5323381
347,Barnet London Boro,-0.159079,51.611055
348,Havering London Boro,0.1954786,51.5859813
349,Kingston upon Thames London Boro,-0.274055,51.424088
350,Kingston upon Thames London Boro,-0.2935464,51.3949237
351,Kingston upon Thames London Boro,-0.261595,51.39485
352,Kingston upon Thames London Boro,-0.30069,51.401709
353,Merton London Boro,-0.1711407,51.3979512
354,Sutton London Boro,-0.196325,51.3577848
355,Havering London Boro,0.153108,51.6022681
356,Hammersmith and Fulham London Boro,-0.209033,51.4903232
357,Hammersmith and Fulham London Boro,-0.1922722,51.4777823
358,Ealing London Boro,-0.269389,51.5157876
359,Enfield London Boro,-0.0913976,51.6475717
360,Barnet London Boro,-0.198467,51.574603
361,Brent London Boro,-0.285567,51.5440003
362,Hillingdon London Boro,-0.4712881,51.5516565
363,Bromley London Boro,-0.0235462,51.3945654
364,Lewisham London Boro,-0.008551,51.460453
365,Newham London Boro,0.022695,51.545909
366,Newham London Boro,0.022382,51.553439
367,Sutton London Boro,-0.1529035,51.3296174
368,Croydon London Boro,-0.079049,51.373591
369,Waltham Forest London Boro,-0.015406,51.578769
370,Haringey London Boro,-0.126968,51.607985
371,Islington London Boro,-0.1002165,51.5208761
372,Kingston upon Thames London Boro,-0.2542773,51.3876908
373,Waltham Forest London Boro,-0.0145917,51.5865158
374,Harrow London Boro,-0.3377451,51.5597951
375,Brent London Boro,-0.2936239,51.5591618
376,Havering London Boro,0.2150471,51.5967808
377,Waltham Forest London Boro,-0.0133061,51.5789223
378,Waltham Forest London Boro,0.0066554,51.5527199
379,Barking and Dagenham London Boro,0.1238673,51.5529226
380,Harrow London Boro,-0.2873225,51.6082216
381,Sutton London Boro,-0.166127,51.3604724
382,Brent London Boro,-0.267786,51.565626
383,Waltham Forest London Boro,0.000257,51.601848
384,Hackney London Boro,-0.0570466,51.5445388
385,Havering London Boro,0.2169418,51.5638713
386,Waltham Forest London Boro,0.007354,51.565648
387,Waltham Forest London Boro,0.007354,51.565648
388,Havering London Boro,0.2169239,51.5637983
389,Redbridge London Boro,0.072061,51.565809
390,Brent London Boro,-0.227938,51.546228
391,Waltham Forest London Boro,0.0123973,51.5729988
392,Sutton London Boro,-0.153257,51.330548
393,Sutton London Boro,-0.153257,51.330548
394,Barnet London Boro,-0.137229,51.635766
395,Newham London Boro,0.0637347,51.5329619
396,Havering London Boro,0.2725773,51.5609973
397,Ealing London Boro,-0.37503,51.508171
398,Newham London Boro,0.051467,51.517934
399,Barking and Dagenham London Boro,0.122465,51.550997
400,Merton London Boro,-0.194561,51.417612
401,Sutton London Boro,-0.1492342,51.3505125
402,Sutton London Boro,-0.1518649,51.3540163
403,Lambeth London Boro,-0.1359,51.4383933
404,Southwark London Boro,-0.0809762,51.4566524
405,City of Westminster London Boro,-0.186003,51.521443
406,Lambeth London Boro,-0.1339864,51.4277215
407,Southwark London Boro,-0.101837,51.477396
408,Lambeth London Boro,-0.125133,51.468014
409,Lambeth London Boro,-0.116473,51.449656
410,Lambeth London Boro,-0.104882,51.445612
411,Lambeth London Boro,-0.1256452,51.4565658
412,Wandsworth London Boro,-0.245243,51.451888
413,Southwark London Boro,-0.075942,51.486677
414,Newham London Boro,0.0641039,51.5315615
415,Havering London Boro,0.2011377,51.5641649
416,Haringey London Boro,-0.1539093,51.5782689
417,Ealing London Boro,-0.2997208,51.508228
418,Ealing London Boro,-0.300032,51.515732
419,Merton London Boro,-0.2210638,51.3924317
420,Newham London Boro,0.0405114,51.538557
421,Newham London Boro,0.026663,51.5410452
422,Haringey London Boro,-0.074107,51.595181
423,Newham London Boro,0.039473,51.543062
424,Newham London Boro,0.039473,51.543062
425,Haringey London Boro,-0.062813,51.599338
426,Haringey London Boro,-0.062813,51.599338
427,Haringey London Boro,-0.069843,51.597599
428,Haringey London Boro,-0.0698464,51.5975092
429,Haringey London Boro,-0.062789,51.599128
430,Haringey London Boro,-0.062813,51.599338
431,Harrow London Boro,-0.3243464,51.5824628
432,Lewisham London Boro,-0.0077293,51.4432903
433,Redbridge London Boro,0.0190268,51.6170745
434,Kensington and Chelsea London Boro,-0.210389,51.514911
435,Kensington and Chelsea London Boro,-0.170337,51.487918
436,Islington London Boro,-0.124559,51.563065
437,Havering London Boro,0.1975186,51.5866827
438,Enfield London Boro,-0.0455939,51.6343816
439,Merton London Boro,-0.1711407,51.3979512
440,Enfield London Boro,-0.0937194,51.6201286
441,Ealing London Boro,-0.311863,51.515967
442,Brent London Boro,-0.258863,51.568554
443,Sutton London Boro,-0.152566,51.3584151
444,Lambeth London Boro,-0.1339606,51.420665
445,Hillingdon London Boro,-0.4652859,51.5285673
446,Croydon London Boro,-0.05259,51.371392
447,Brent London Boro,-0.2822031,51.5655416
448,Brent London Boro,-0.214584,51.54438
449,Haringey London Boro,-0.146176,51.59311
450,Harrow London Boro,-0.3458111,51.5751944
451,Ealing London Boro,-0.3490102,51.5391282
452,Redbridge London Boro,0.026243,51.60883
453,Sutton London Boro,-0.166917,51.359046
454,Bromley London Boro,-0.0220475,51.4103135
455,Bromley London Boro,-0.057716,51.409831
456,Bromley London Boro,0.0668412,51.419382
457,Bromley London Boro,0.0984886,51.36452
458,Bromley London Boro,0.016433,51.3982187
459,Bromley London Boro,-0.065047,51.403414
460,Ealing London Boro,-0.38991,51.508745
461,Hillingdon London Boro,-0.3965555,51.518521
462,Lewisham London Boro,0.0202821,51.4356435
463,Barnet London Boro,-0.1931106,51.607209
464,Waltham Forest London Boro,-0.006598,51.5574062
465,Haringey London Boro,-0.0756016,51.5966235
466,Haringey London Boro,-0.057784,51.600008
467,Haringey London Boro,-0.057784,51.600008
468,Waltham Forest London Boro,-0.0257047,51.5872338
469,Waltham Forest London Boro,-0.0087997,51.5776769
470,Newham London Boro,0.023436,51.537207
471,Waltham Forest London Boro,-0.0053664,51.5535724
472,Enfield London Boro,-0.0828618,51.6614517
473,Lewisham London Boro,-0.0150082,51.4463364
474,Southwark London Boro,-0.05367,51.475258
475,Brent London Boro,-0.325689,51.563221
476,Barnet London Boro,-0.2048733,51.5722968
477,Waltham Forest London Boro,-0.005362,51.5537
478,Waltham Forest London Boro,-0.0214622,51.5646
479,Havering London Boro,0.2157375,51.5968154
480,Wandsworth London Boro,-0.148147,51.439119
481,Wandsworth London Boro,-0.1678514,51.4216223
482,Greenwich London Boro,0.0488585,51.484545
483,Croydon London Boro,-0.1213395,51.4176846
484,Lewisham London Boro,0.001726,51.445351
485,Havering London Boro,0.199484,51.57449
486,Sutton London Boro,-0.1853887,51.3732565
487,Havering London Boro,0.2951201,51.5491034
488,Bromley London Boro,-0.018661,51.374555
489,Haringey London Boro,-0.061608,51.596006
490,Redbridge London Boro,0.076908,51.544879
491,Barnet London Boro,-0.1393348,51.6153032
492,Barnet London Boro,-0.158556,51.644669
493,Haringey London Boro,-0.122893,51.606292
494,Merton London Boro,-0.228346,51.416923
495,Barnet London Boro,-0.1788993,51.6175988
496,Newham London Boro,0.023436,51.532989
497,Sutton London Boro,-0.197435,51.372054
498,Sutton London Boro,-0.165133,51.354441
499,Brent London Boro,-0.27731,51.564076
500,Enfield London Boro,-0.1355963,51.6159453
501,Merton London Boro,-0.1361736,51.403649
502,Lewisham London Boro,-0.0138207,51.4385465
503,Hillingdon London Boro,-0.4546652,51.5480308
504,Richmond upon Thames London Boro,-0.3363096,51.4374438
505,Haringey London Boro,-0.1273211,51.608188
506,Waltham Forest London Boro,-0.009232,51.584959
507,Waltham Forest London Boro,-0.01449,51.566688
508,Waltham Forest London Boro,0.0027122,51.5683625
509,Hackney London Boro,-0.057963,51.554232
510,Tower Hamlets London Boro,-0.033307,51.530178
511,Tower Hamlets London Boro,-0.064864,51.521746
512,Ealing London Boro,-0.363028,51.5161695
513,Lambeth London Boro,-0.109797,51.492093
514,Merton London Boro,-0.2209422,51.3915418
515,City of Westminster London Boro,-0.1342963,51.4879709
516,Barnet London Boro,-0.1525759,51.6151263
517,Richmond upon Thames London Boro,-0.3787287,51.4139648
518,Hackney London Boro,-0.066455,51.573326
519,Haringey London Boro,-0.076844,51.595574
520,Haringey London Boro,-0.075461,51.595857
521,Haringey London Boro,-0.072161,51.597736
522,Haringey London Boro,-0.063056,51.594556
523,Haringey London Boro,-0.096801,51.600332
524,Waltham Forest London Boro,0.004787,51.563381
525,Waltham Forest London Boro,0.001733,51.587823
526,Waltham Forest London Boro,0.0002919,51.555958
527,Enfield London Boro,-0.08527,51.6526875
528,Enfield London Boro,-0.078332,51.659148
529,Hackney London Boro,-0.0663693,51.5733521
530,Haringey London Boro,-0.095229,51.589588
531,Hackney London Boro,-0.0598,51.560834
532,Haringey London Boro,-0.0962636,51.5876353
533,Haringey London Boro,-0.085729,51.587646
534,Hackney London Boro,-0.0875284,51.5739236
535,Kingston upon Thames London Boro,-0.26647,51.401262
536,Kingston upon Thames London Boro,-0.2565184,51.3949002
537,Kingston upon Thames London Boro,-0.2656052,51.4005475
538,Barnet London Boro,-0.1779125,51.6466072
539,Croydon London Boro,-0.082096,51.400718
540,Lambeth London Boro,-0.1348433,51.4283048
541,Merton London Boro,-0.2039316,51.3920048
542,Havering London Boro,0.1708693,51.5790939
543,Bexley London Boro,0.137358,51.450456
544,Hammersmith and Fulham London Boro,-0.2188591,51.4928558
545,Barnet London Boro,-0.1759921,51.5909643
546,Bromley London Boro,-0.0571513,51.424156
547,Sutton London Boro,-0.1859011,51.359872
548,Enfield London Boro,-0.0734358,51.6672144
549,Enfield London Boro,-0.0325958,51.6599189
550,Merton London Boro,-0.1919489,51.4269425
551,Barnet London Boro,-0.193197,51.6479167
552,Haringey London Boro,-0.104267,51.5805529
553,Kingston upon Thames London Boro,-0.297257,51.399914
554,Harrow London Boro,-0.333043,51.560547
555,Ealing London Boro,-0.357338,51.558542
556,Harrow London Boro,-0.363192,51.591571
557,Brent London Boro,-0.300345,51.570437
558,Harrow London Boro,-0.313295,51.60572
559,Brent London Boro,-0.30954,51.554788
560,Lewisham London Boro,-0.012036,51.441871
561,Bexley London Boro,0.0990101,51.4283607
562,Hackney London Boro,-0.0858859,51.5662696
563,Redbridge London Boro,0.0655047,51.5736407
564,Newham London Boro,0.044236,51.540264
565,Newham London Boro,0.0203733,51.548159
566,Newham London Boro,0.0204906,51.5482019
567,Islington London Boro,-0.1298949,51.5472874
568,Camden London Boro,-0.132784,51.532019
569,Croydon London Boro,-0.0915572,51.3509449
570,Enfield London Boro,-0.0737398,51.6409526
571,Barking and Dagenham London Boro,0.168561,51.5385331
572,Merton London Boro,-0.143627,51.418498
573,Wandsworth London Boro,-0.158549,51.424399
574,Croydon London Boro,-0.1037349,51.3972035
575,Croydon London Boro,-0.1143549,51.3902976
576,Haringey London Boro,-0.1407274,51.5943011
577,Bromley London Boro,0.0920616,51.3653455
578,Bromley London Boro,0.092557,51.3651837
579,Merton London Boro,-0.2236032,51.4219327
580,Tower Hamlets London Boro,-0.021576,51.489154
581,Tower Hamlets London Boro,-0.0549387,51.5314017
582,Tower Hamlets London Boro,-0.0549387,51.5314017
583,Tower Hamlets London Boro,-0.049986,51.530906
584,Lambeth London Boro,-0.10347,51.471685
585,Southwark London Boro,-0.091537,51.462625
586,Richmond upon Thames London Boro,-0.366927,51.444177
587,Redbridge London Boro,0.094608,51.56479
588,Enfield London Boro,-0.097387,51.660981
589,Redbridge London Boro,0.1078244,51.5625464
590,Redbridge London Boro,0.062832,51.564021
591,Redbridge London Boro,0.107586,51.567371
592,Richmond upon Thames London Boro,-0.347821,51.427328
593,Richmond upon Thames London Boro,-0.339803,51.454084
594,Richmond upon Thames London Boro,-0.314403,51.42232
595,Sutton London Boro,-0.2050323,51.3547621
596,Richmond upon Thames London Boro,-0.312344,51.416913
597,Richmond upon Thames London Boro,-0.369858,51.443921
598,Hillingdon London Boro,-0.409964,51.513848
599,Hillingdon London Boro,-0.479352,51.502727
600,Hillingdon London Boro,-0.479524,51.526127
601,Harrow London Boro,-0.348467,51.587993
602,Haringey London Boro,-0.100288,51.580168
603,Lewisham London Boro,-0.0219737,51.4436664
604,Bromley London Boro,-0.052929,51.420956
605,Lewisham London Boro,-0.0153544,51.4320438
606,Brent London Boro,-0.3247673,51.5576682
607,Brent London Boro,-0.3235038,51.5606446
608,Waltham Forest London Boro,0.007528,51.565036
609,Lewisham London Boro,-0.0172856,51.4429307
610,Haringey London Boro,-0.10621,51.591531
611,Haringey London Boro,-0.081228,51.590232
612,Kingston upon Thames London Boro,-0.3031664,51.3816196
613,Harrow London Boro,-0.3376514,51.5831692
614,Barnet London Boro,-0.2644007,51.6214163
615,Tower Hamlets London Boro,-0.03545,51.526284
616,Bexley London Boro,0.1491209,51.4811763
617,Croydon London Boro,-0.1339069,51.3237497
618,Sutton London Boro,-0.2009766,51.3607699
619,Sutton London Boro,-0.215361,51.35876
620,Lewisham London Boro,-0.048641,51.439221
621,Ealing London Boro,-0.3318698,51.5034921
622,Ealing London Boro,-0.317622,51.515176
623,Ealing London Boro,-0.317622,51.515176
624,Enfield London Boro,-0.045988,51.679998
625,Redbridge London Boro,0.0178486,51.5686787
626,Redbridge London Boro,0.0177428,51.5688963
627,Barking and Dagenham London Boro,0.0986133,51.539852
628,Wandsworth London Boro,-0.211052,51.454322
629,Enfield London Boro,-0.116027,51.620066
630,Richmond upon Thames London Boro,-0.3018607,51.4575056
631,Richmond upon Thames London Boro,-0.337365,51.452251
632,Kingston upon Thames London Boro,-0.3026321,51.3859642
633,Brent London Boro,-0.300217,51.548692
634,Harrow London Boro,-0.309628,51.5870266
635,Redbridge London Boro,0.016818,51.567934
636,Enfield London Boro,-0.045988,51.679998
637,Brent London Boro,-0.216763,51.552932
638,Kingston upon Thames London Boro,-0.271921,51.413392
639,Kingston upon Thames London Boro,-0.2720675,51.4133224
640,Haringey London Boro,-0.0746264,51.6080729
641,Bromley London Boro,0.075574,51.414992
642,Bromley London Boro,-0.055785,51.412281
643,Bromley London Boro,-0.0244298,51.4147601
644,Newham London Boro,0.030916,51.526107
645,Tower Hamlets London Boro,-0.034884,51.544448
646,Hackney London Boro,-0.034088,51.544831
647,Newham London Boro,0.03843,51.51166
648,Harrow London Boro,-0.2990238,51.5903534
649,Newham London Boro,0.0661776,51.5123974
650,Newham London Boro,0.0661776,51.5123974
651,Newham London Boro,0.027213,51.545678
652,Tower Hamlets London Boro,-0.0518172,51.5305585
653,Harrow London Boro,-0.3809458,51.5632227
654,Croydon London Boro,-0.0994179,51.3633119
655,Croydon London Boro,-0.0996498,51.3632617
656,Havering London Boro,0.188367,51.570193
657,Havering London Boro,0.194172,51.566379
658,Croydon London Boro,-0.1184875,51.3417493
659,Harrow London Boro,-0.340089,51.587326
660,Croydon London Boro,-0.0946852,51.3949614
661,Waltham Forest London Boro,0.005321,51.569928
662,Redbridge London Boro,0.023802,51.5708153
663,Ealing London Boro,-0.362292,51.5238297
664,Haringey London Boro,-0.0692544,51.5832104
665,Croydon London Boro,-0.101856,51.393279
666,Harrow London Boro,-0.3531484,51.5618843
667,Hounslow London Boro,-0.430698,51.454625
668,Harrow London Boro,-0.34209,51.585098
669,Croydon London Boro,-0.0846634,51.3619745
670,Croydon London Boro,-0.116351,51.361634
671,Brent London Boro,-0.312803,51.580195
672,Camden London Boro,-0.1841477,51.5514128
673,Haringey London Boro,-0.1502503,51.5912503
674,Enfield London Boro,-0.0968422,51.6514818
675,Barnet London Boro,-0.168074,51.63445
676,Bromley London Boro,-0.0630133,51.4185337
677,Bromley London Boro,0.024585,51.410614
678,Bromley London Boro,-0.058356,51.407611
679,Southwark London Boro,-0.0648099,51.4771057
680,Bromley London Boro,-0.0599131,51.4105688
681,Bromley London Boro,0.0390393,51.4100129
682,Enfield London Boro,-0.102626,51.660784
683,Southwark London Boro,-0.0777344,51.4272562
684,Lambeth London Boro,-0.1302222,51.4428352
685,Lambeth London Boro,-0.1232124,51.4344589
686,Enfield London Boro,-0.1709062,51.6678378
687,Ealing London Boro,-0.3069377,51.5149058
688,Haringey London Boro,-0.074751,51.590117
689,Merton London Boro,-0.2254924,51.4166437
690,Croydon London Boro,-0.0913745,51.4157886
691,Barking and Dagenham London Boro,0.0916866,51.528429
692,Harrow London Boro,-0.3361387,51.5848336
693,Croydon London Boro,-0.112587,51.360242
694,Kingston upon Thames London Boro,-0.297387,51.401229
695,Southwark London Boro,-0.089039,51.475893
696,Croydon London Boro,-0.094883,51.381547
697,Redbridge London Boro,0.0252163,51.6091174
698,Hackney London Boro,-0.0844008,51.5738276
699,Haringey London Boro,-0.0870633,51.5741825
700,Merton London Boro,-0.1689706,51.398658
701,Brent London Boro,-0.2033031,51.5352966
702,Merton London Boro,-0.2218527,51.3916553
703,Lewisham London Boro,-0.0467133,51.4355112
704,Havering London Boro,0.1958907,51.5759625
705,Enfield London Boro,-0.1118178,51.6118334
706,Hillingdon London Boro,-0.4116086,51.5745751
707,Merton London Boro,-0.1678018,51.3958847
708,Merton London Boro,-0.2305608,51.3974337
709,Waltham Forest London Boro,0.0025069,51.5952088
710,Sutton London Boro,-0.141649,51.340374
711,Barnet London Boro,-0.2000529,51.6558033
712,Barnet London Boro,-0.2000529,51.6558033
713,Barnet London Boro,-0.2000529,51.6558033
714,Barnet London Boro,-0.2000529,51.6558033
715,Barnet London Boro,-0.150263,51.615449
716,Croydon London Boro,-0.121483,51.3401248
717,Enfield London Boro,-0.0523727,51.6245666
718,Lewisham London Boro,-0.0171489,51.4411029
719,Croydon London Boro,-0.1078976,51.3391507
720,Hillingdon London Boro,-0.4418315,51.5230911
721,Hillingdon London Boro,-0.418164,51.515946
722,Southwark London Boro,-0.0749532,51.4913462
723,Richmond upon Thames London Boro,-0.294539,51.458659
724,Croydon London Boro,-0.095381,51.397931
725,Barnet London Boro,-0.139278,51.614925
726,Bexley London Boro,0.0962532,51.4294172
727,Lambeth London Boro,-0.114862,51.431169
728,Ealing London Boro,-0.307567,51.5173698
729,Ealing London Boro,-0.3260308,51.5193163
730,Haringey London Boro,-0.133801,51.597725
731,Kingston upon Thames London Boro,-0.298358,51.38458
732,Kingston upon Thames London Boro,-0.2564583,51.3961043
733,Sutton London Boro,-0.1975233,51.3729869
734,Sutton London Boro,-0.1813109,51.3586966
735,Barnet London Boro,-0.202978,51.597073
736,Sutton London Boro,-0.196014,51.3708193
737,Sutton London Boro,-0.2032321,51.3601665
738,Sutton London Boro,-0.1828515,51.3549057
739,Merton London Boro,-0.189926,51.3864
740,Sutton London Boro,-0.193383,51.387738
741,Ealing London Boro,-0.27307,51.514493
742,Ealing London Boro,-0.296333,51.516775
743,Croydon London Boro,-0.1015674,51.4026809
744,Croydon London Boro,-0.1006697,51.4024865
745,Sutton London Boro,-0.1889205,51.3528774
746,Sutton London Boro,-0.188834,51.3528851
747,Havering London Boro,0.237144,51.571989
748,Harrow London Boro,-0.3192041,51.5849161
749,Croydon London Boro,-0.1307709,51.3281601
750,Merton London Boro,-0.1853616,51.3935051
751,Ealing London Boro,-0.2616085,51.5108076
752,Croydon London Boro,-0.102348,51.408899
753,Redbridge London Boro,0.024628,51.5881028
754,Redbridge London Boro,0.0284103,51.5911348
755,Croydon London Boro,-0.0880258,51.3640168
756,Croydon London Boro,-0.1229358,51.3678187
757,Lambeth London Boro,-0.1267288,51.4265747
758,Barking and Dagenham London Boro,0.1696768,51.5401133
759,Newham London Boro,0.0435471,51.5544931
760,Croydon London Boro,-0.1343509,51.3241255
761,Croydon London Boro,-0.1028027,51.3464064
762,Lewisham London Boro,-0.0099081,51.4395143
763,Bromley London Boro,-0.0039457,51.3719489
764,Sutton London Boro,-0.157812,51.358283
765,Kingston upon Thames London Boro,-0.3007268,51.4008243
766,Ealing London Boro,-0.297134,51.521166
767,Barnet London Boro,-0.2567892,51.5932637
768,Barnet London Boro,-0.2568112,51.5929599
769,Lambeth London Boro,-0.1273042,51.4276946
770,Lambeth London Boro,-0.13375,51.425473
771,Merton London Boro,-0.1866977,51.4208435
772,Waltham Forest London Boro,-0.004461,51.577216
773,Barking and Dagenham London Boro,0.147452,51.595479
774,Havering London Boro,0.2102992,51.5844363
775,Bromley London Boro,0.045444,51.397572
776,Kingston upon Thames London Boro,-0.2593283,51.4140331
777,Ealing London Boro,-0.2742038,51.5127112
778,Barnet London Boro,-0.204002,51.652715
779,Bromley London Boro,0.0041702,51.4087439
780,Barnet London Boro,-0.1953305,51.5688908
781,Enfield London Boro,-0.0388541,51.6693487
782,Brent London Boro,-0.257477,51.5408977
783,Bexley London Boro,0.142807,51.4438723
784,Waltham Forest London Boro,-0.0042951,51.5618993
785,Croydon London Boro,-0.1184453,51.4076114
786,Waltham Forest London Boro,0.0062278,51.634092
787,Waltham Forest London Boro,-0.002436,51.633583
788,Brent London Boro,-0.2666166,51.5660227
789,Brent London Boro,-0.3216344,51.5600873
790,Brent London Boro,-0.2814122,51.5528419
791,Brent London Boro,-0.2966945,51.54918
792,Brent London Boro,-0.3189168,51.5528007
793,Brent London Boro,-0.2332983,51.5445017
794,Barnet London Boro,-0.1559053,51.6117803
795,Barnet London Boro,-0.1559053,51.6117803
796,Haringey London Boro,-0.12116,51.57935
797,Croydon London Boro,-0.092302,51.348232
798,Croydon London Boro,-0.1048347,51.3911153
799,Hillingdon London Boro,-0.4774054,51.5373487
800,Merton London Boro,-0.1523525,51.4143378
801,Camden London Boro,-0.1413862,51.5537467
802,Camden London Boro,-0.12395,51.529201
803,Richmond upon Thames London Boro,-0.2632994,51.4644319
804,Wandsworth London Boro,-0.1705396,51.4249017
805,Wandsworth London Boro,-0.1643694,51.4288339
806,Wandsworth London Boro,-0.1666495,51.4331313
807,Camden London Boro,-0.18317,51.559395
808,Barnet London Boro,-0.192996,51.565074
809,Camden London Boro,-0.144217,51.556139
810,Camden London Boro,-0.1540338,51.5509699
811,Camden London Boro,-0.1530663,51.5463685
812,Sutton London Boro,-0.2227788,51.3329917
813,Redbridge London Boro,0.083977,51.5699796
814,Croydon London Boro,-0.1098412,51.3393709
815,Merton London Boro,-0.2006367,51.3998556
816,Merton London Boro,-0.2003856,51.4003913
817,Brent London Boro,-0.225213,51.547707
818,City of Westminster London Boro,-0.191787,51.536381
819,Harrow London Boro,-0.292489,51.595609
820,Harrow London Boro,-0.292489,51.595609
821,Croydon London Boro,-0.123583,51.409267
822,Bromley London Boro,0.0586224,51.4189241
823,Bexley London Boro,0.1650644,51.4787426
824,Bromley London Boro,-0.0091189,51.407028
825,Redbridge London Boro,0.0222453,51.5737827
826,Bromley London Boro,0.0166989,51.4170092
827,Croydon London Boro,-0.1053422,51.3189475
828,Croydon London Boro,-0.1056275,51.3193388
829,Bexley London Boro,0.0813511,51.4310408
830,Lambeth London Boro,-0.0970144,51.439621
831,Croydon London Boro,-0.0910276,51.3640298
832,Enfield London Boro,-0.0494242,51.6427813
833,Merton London Boro,-0.2308761,51.4034185
834,Camden London Boro,-0.1663722,51.5447248
835,Croydon London Boro,-0.119613,51.300562
836,Merton London Boro,-0.171237,51.41797
837,Merton London Boro,-0.2367392,51.4063107
838,Camden London Boro,-0.1694077,51.5409594
839,Richmond upon Thames London Boro,-0.3353998,51.4227818
840,Richmond upon Thames London Boro,-0.285128,51.483925
841,Greenwich London Boro,0.0681442,51.4763608
842,Wandsworth London Boro,-0.139856,51.42637
843,Richmond upon Thames London Boro,-0.349223,51.4439116
844,Enfield London Boro,-0.0496005,51.6447356
845,Croydon London Boro,-0.080356,51.394206
846,Hackney London Boro,-0.098382,51.566351
847,Croydon London Boro,-0.0692649,51.3397612
848,Croydon London Boro,-0.095643,51.402009
849,Croydon London Boro,-0.106413,51.396123
850,Redbridge London Boro,0.1208269,51.5773633
851,Redbridge London Boro,0.066129,51.5619482
852,Redbridge London Boro,0.112619,51.562946
853,Redbridge London Boro,0.0287228,51.5837786
854,Redbridge London Boro,0.0250605,51.6072406
855,Redbridge London Boro,0.04643,51.574362
856,Redbridge London Boro,0.023053,51.5822219
857,Redbridge London Boro,0.0275631,51.6070085
858,Lewisham London Boro,0.0027247,51.4441013
859,Redbridge London Boro,0.0858683,51.5585234
860,Newham London Boro,0.0231643,51.5142604
861,Hounslow London Boro,-0.402147,51.44603
862,Southwark London Boro,-0.078259,51.421941
863,Bromley London Boro,-0.0782474,51.4222287
864,Southwark London Boro,-0.078259,51.421941
865,Bromley London Boro,-0.0795305,51.4207839
866,Southwark London Boro,-0.063745,51.490352
867,Southwark London Boro,-0.063745,51.490352
868,Lambeth London Boro,-0.132041,51.438116
869,Southwark London Boro,-0.063555,51.451995
870,Croydon London Boro,-0.083195,51.395772
871,Southwark London Boro,-0.034932,51.496456
872,Southwark London Boro,-0.079969,51.46008
873,Southwark London Boro,-0.059212,51.494315
874,Southwark London Boro,-0.064164,51.490656
875,Haringey London Boro,-0.1046737,51.5742467
876,Haringey London Boro,-0.0781834,51.5754795
877,Haringey London Boro,-0.0959294,51.5873421
878,Brent London Boro,-0.2677356,51.5646724
879,Harrow London Boro,-0.3334996,51.6159271
880,Hillingdon London Boro,-0.4752024,51.5022957
881,Wandsworth London Boro,-0.137688,51.422388
882,Lambeth London Boro,-0.123268,51.4345048
883,Havering London Boro,0.2358028,51.5663886
884,Havering London Boro,0.2190819,51.5672505
885,Richmond upon Thames London Boro,-0.3550721,51.4553331
886,Hounslow London Boro,-0.3826317,51.4497367
887,Merton London Boro,-0.224543,51.415112
888,Richmond upon Thames London Boro,-0.3769271,51.4490823
889,Richmond upon Thames London Boro,-0.3471212,51.4271921
890,Merton London Boro,-0.1530961,51.4169394
891,Richmond upon Thames London Boro,-0.3248578,51.4498966
892,Lewisham London Boro,-0.0451002,51.4261139
893,Sutton London Boro,-0.1944356,51.356024
894,Lewisham London Boro,-0.0115433,51.4518891
895,Barnet London Boro,-0.1764038,51.6295177
896,Islington London Boro,-0.116027,51.566327
897,Haringey London Boro,-0.0971841,51.5801145
898,Islington London Boro,-0.109434,51.536441
899,Waltham Forest London Boro,-0.000931,51.570178
900,Waltham Forest London Boro,0.003165,51.573085
901,Enfield London Boro,-0.111818,51.611833
902,Havering London Boro,0.224499,51.616193
903,Barnet London Boro,-0.1690439,51.6354725
904,Lambeth London Boro,-0.1272399,51.4548827
905,Havering London Boro,0.2286354,51.5884325
906,Sutton London Boro,-0.1665343,51.3538691
907,Sutton London Boro,-0.1827967,51.3493924
908,Sutton London Boro,-0.2010535,51.3613736
909,Croydon London Boro,-0.0916262,51.3506673
910,Southwark London Boro,-0.0603248,51.4735245
911,Lambeth London Boro,-0.1186114,51.4426299
912,Barnet London Boro,-0.225178,51.589821
913,Harrow London Boro,-0.340757,51.624464
914,Redbridge London Boro,0.0626174,51.5758497
915,Barnet London Boro,-0.196434,51.559258
916,Barnet London Boro,-0.153147,51.611664
917,Barnet London Boro,-0.153147,51.611664
918,Barnet London Boro,-0.1844725,51.6071473
919,Barnet London Boro,-0.216306,51.594435
920,Barnet London Boro,-0.170629,51.574226
921,Barnet London Boro,-0.20782,51.576668
922,Barnet London Boro,-0.2044026,51.5762817
923,Brent London Boro,-0.211168,51.545895
924,Bromley London Boro,-0.0200437,51.3964487
925,Wandsworth London Boro,-0.1737651,51.4394197
926,Wandsworth London Boro,-0.1644939,51.4397259
927,Harrow London Boro,-0.3120993,51.6118716
928,Harrow London Boro,-0.3105423,51.6102396
929,Harrow London Boro,-0.317838,51.583988
930,Brent London Boro,-0.3055654,51.5763302
931,Barnet London Boro,-0.234474,51.581919
932,Barnet London Boro,-0.232217,51.585419
933,Barnet London Boro,-0.232354,51.5858389
934,Barnet London Boro,-0.2364918,51.5855854
935,Redbridge London Boro,0.0586372,51.5660187
936,Redbridge London Boro,0.072473,51.582151
937,Redbridge London Boro,0.06953,51.585998
938,Sutton London Boro,-0.180479,51.362225
939,Croydon London Boro,-0.1263447,51.3416685
940,Southwark London Boro,-0.06073,51.480608
941,Ealing London Boro,-0.296333,51.516775
942,Kensington and Chelsea London Boro,-0.1976297,51.4909218
943,Tower Hamlets London Boro,-0.044998,51.520454
944,Tower Hamlets London Boro,-0.047121,51.523044
945,Barnet London Boro,-0.1484851,51.6293775
946,Barnet London Boro,-0.1831741,51.6075611
947,Barnet London Boro,-0.1860417,51.6189512
948,Harrow London Boro,-0.267929,51.603225
949,Barnet London Boro,-0.219728,51.571547
950,Harrow London Boro,-0.32668,51.5979
951,Lewisham London Boro,-0.057127,51.42778
952,Sutton London Boro,-0.216052,51.332565
953,Sutton London Boro,-0.1651995,51.3854755
954,Sutton London Boro,-0.1671593,51.3853443
955,Barnet London Boro,-0.1874896,51.6092045
956,Brent London Boro,-0.267534,51.567691
957,Newham London Boro,0.0231643,51.5142604
958,Lewisham London Boro,0.0159254,51.4445315
959,Lewisham London Boro,-0.032116,51.467228
960,Enfield London Boro,-0.0731199,51.6661392
961,Sutton London Boro,-0.2087669,51.3394696
962,Lambeth London Boro,-0.0894348,51.4188505
963,Bexley London Boro,0.15234,51.465721
964,Bexley London Boro,0.173339,51.477708
965,Redbridge London Boro,0.0594458,51.5781626
966,Bexley London Boro,0.184478,51.475424
967,Waltham Forest London Boro,-0.003274,51.612195
968,Bexley London Boro,0.1661773,51.4356548
969,Bexley London Boro,0.132526,51.457648
970,Waltham Forest London Boro,-0.013647,51.588316
971,Bexley London Boro,0.090275,51.434596
972,Bexley London Boro,0.126773,51.450324
973,Redbridge London Boro,0.0870474,51.5770274
974,Bexley London Boro,0.129392,51.45587
975,Bexley London Boro,0.1144511,51.4303403
976,Bexley London Boro,0.1583753,51.4731105
977,Sutton London Boro,-0.1656527,51.3845653
978,Bexley London Boro,0.094356,51.4483272
979,Bexley London Boro,0.149121,51.481176
980,Hillingdon London Boro,-0.407003,51.6011574
981,Harrow London Boro,-0.3772631,51.5742681
982,Harrow London Boro,-0.3797085,51.5748954
983,Barnet London Boro,-0.218656,51.5943076
984,Sutton London Boro,-0.1673286,51.3632419
985,Wandsworth London Boro,-0.249081,51.464823
986,Richmond upon Thames London Boro,-0.242066,51.479753
987,Richmond upon Thames London Boro,-0.3783695,51.4257015
988,City of Westminster London Boro,-0.191019,51.525551
989,Camden London Boro,-0.122708,51.528477
990,Islington London Boro,-0.1266059,51.5515153
991,Brent London Boro,-0.19558,51.534432
992,City of Westminster London Boro,-0.196719,51.519459
993,Harrow London Boro,-0.3777142,51.6005045
994,Harrow London Boro,-0.37786,51.600075
995,Sutton London Boro,-0.2085005,51.3494286
996,Croydon London Boro,-0.0918,51.354842
997,Southwark London Boro,-0.0642633,51.4366027
998,Richmond upon Thames London Boro,-0.297148,51.450442
999,Enfield London Boro,-0.072673,51.640614
1000,Croydon London Boro,-0.1058308,51.3847465
1001,Haringey London Boro,-0.1299829,51.5736277
1002,Croydon London Boro,-0.122868,51.337863
1003,Lambeth London Boro,-0.092658,51.43402
1004,Lambeth London Boro,-0.102179,51.436935
1005,Lambeth London Boro,-0.101931,51.432084
1006,Lambeth London Boro,-0.0971733,51.4361434
1007,Southwark London Boro,-0.089938,51.435072
1008,City of Westminster London Boro,-0.142645,51.489183
1009,Havering London Boro,0.1817755,51.5940399
1010,Waltham Forest London Boro,0.007215,51.553313
1011,Havering London Boro,0.1714931,51.585479
1012,Barking and Dagenham London Boro,0.1762883,51.558059
1013,Barking and Dagenham London Boro,0.149545,51.537644
1014,Barking and Dagenham London Boro,0.127438,51.549378
1015,Waltham Forest London Boro,-0.014601,51.578692
1016,Havering London Boro,0.232922,51.590388
1017,Greenwich London Boro,0.035655,51.464919
1018,Waltham Forest London Boro,0.003165,51.573085
1019,Havering London Boro,0.1637177,51.5963902
1020,Barking and Dagenham London Boro,0.087921,51.543181
1021,Barking and Dagenham London Boro,0.112083,51.534259
1022,Redbridge London Boro,0.013279,51.565844
1023,Havering London Boro,0.2178179,51.5957672
1024,Havering London Boro,0.181772,51.582241
1025,Waltham Forest London Boro,-0.0105632,51.5838937
1026,Waltham Forest London Boro,0.0025385,51.5548855
1027,Havering London Boro,0.2117837,51.599114
1028,Tower Hamlets London Boro,-0.043423,51.5141512
1029,Barking and Dagenham London Boro,0.155716,51.538834
1030,Havering London Boro,0.216145,51.594222
1031,Brent London Boro,-0.232347,51.53717
1032,Wandsworth London Boro,-0.2237163,51.4371761
1033,Enfield London Boro,-0.0644617,51.6650346
1034,Barnet London Boro,-0.2387148,51.6447961
1035,Barnet London Boro,-0.1655669,51.6165417
1036,Barnet London Boro,-0.1624035,51.6509991
1037,Croydon London Boro,-0.137521,51.329131
1038,Havering London Boro,0.1669735,51.5921977
1039,Lambeth London Boro,-0.132904,51.42965
1040,Kensington and Chelsea London Boro,-0.189332,51.500758
1041,Barnet London Boro,-0.184035,51.6011951
1042,Kingston upon Thames London Boro,-0.281862,51.412144
1043,Croydon London Boro,-0.1055945,51.3619281
1044,Bromley London Boro,0.079248,51.4132362
1045,Richmond upon Thames London Boro,-0.3759143,51.4516671
1046,Richmond upon Thames London Boro,-0.3380193,51.4473142
1047,Richmond upon Thames London Boro,-0.374011,51.428279
1048,Merton London Boro,-0.185926,51.419215
1049,Newham London Boro,0.0619,51.546609
1050,Croydon London Boro,-0.109051,51.369799
1051,Barnet London Boro,-0.184031,51.649895
1052,Haringey London Boro,-0.11622,51.6000431
1053,Brent London Boro,-0.258261,51.587588
1054,Brent London Boro,-0.29814,51.558382
1055,Barnet London Boro,-0.2099788,51.6552788
1056,Havering London Boro,0.2112134,51.5791132
1057,Havering London Boro,0.2082148,51.5700022
1058,Brent London Boro,-0.267736,51.564672
1059,Havering London Boro,0.219856,51.611688
1060,Wandsworth London Boro,-0.152699,51.437481
1061,Wandsworth London Boro,-0.18131,51.458297
1062,Wandsworth London Boro,-0.1833624,51.4577351
1063,Redbridge London Boro,0.088404,51.576456
1064,Kensington and Chelsea London Boro,-0.218072,51.52117
1065,Haringey London Boro,-0.0859405,51.5808039
1066,Ealing London Boro,-0.369988,51.534359
1067,Ealing London Boro,-0.281529,51.502262
1068,Ealing London Boro,-0.3731122,51.5013287
1069,Bromley London Boro,-0.068198,51.406155
1070,Wandsworth London Boro,-0.170671,51.465901
1071,Hounslow London Boro,-0.377636,51.47213
1072,Ealing London Boro,-0.307822,51.5241
1073,Wandsworth London Boro,-0.168614,51.426391
1074,Wandsworth London Boro,-0.164287,51.475027
1075,Lewisham London Boro,0.0015246,51.4449581
1076,Wandsworth London Boro,-0.1459514,51.4200639
1077,Lewisham London Boro,0.00063,51.454506
1078,Ealing London Boro,-0.2790231,51.5060557
1079,Lewisham London Boro,-0.057031,51.443264
1080,Havering London Boro,0.1915684,51.5604445
1081,Merton London Boro,-0.151167,51.416279
1082,Merton London Boro,-0.151167,51.416279
1083,Enfield London Boro,-0.0706575,51.6281058
1084,Wandsworth London Boro,-0.179947,51.46083
1085,Brent London Boro,-0.293125,51.574405
1086,Havering London Boro,0.2208311,51.557137
1087,Hillingdon London Boro,-0.460707,51.536088
1088,Hillingdon London Boro,-0.47098,51.519551
1089,Hillingdon London Boro,-0.440764,51.522913
1090,Hillingdon London Boro,-0.438667,51.518639
1091,Hillingdon London Boro,-0.416654,51.505854
1092,Hillingdon London Boro,-0.467035,51.518996
1093,Hounslow London Boro,-0.3851072,51.4642538
1094,City of Westminster London Boro,-0.20193,51.523785
1095,City of Westminster London Boro,-0.20193,51.523785
1096,City of Westminster London Boro,-0.195309,51.5223237
1097,City of Westminster London Boro,-0.200195,51.523064
1098,City of Westminster London Boro,-0.196404,51.523069
1099,City of Westminster London Boro,-0.199153,51.526106
1100,Barnet London Boro,-0.2133407,51.5600326
1101,Enfield London Boro,-0.0551821,51.612923
1102,Lambeth London Boro,-0.11506,51.427062
1103,Waltham Forest London Boro,0.0030051,51.5904523
1104,Barnet London Boro,-0.1872886,51.6183167
1105,Lewisham London Boro,0.0033607,51.4458081
1106,Haringey London Boro,-0.0731496,51.5900817
1107,Merton London Boro,-0.2122317,51.3996554
1108,Croydon London Boro,-0.10706,51.381088
1109,Sutton London Boro,-0.233186,51.3666017
1110,Bromley London Boro,0.0261793,51.4154428
1111,Havering London Boro,0.229225,51.603567
1112,Islington London Boro,-0.1310827,51.5707406
1113,Havering London Boro,0.2500736,51.5398272
1114,Enfield London Boro,-0.1322734,51.6370695
1115,Richmond upon Thames London Boro,-0.3075241,51.451617
1116,Barnet London Boro,-0.2036848,51.5671586
1117,Barking and Dagenham London Boro,0.1522732,51.5355613
1118,Merton London Boro,-0.202589,51.4222951
1119,Enfield London Boro,-0.123005,51.622498
1120,Hounslow London Boro,-0.3337561,51.471332
1121,Brent London Boro,-0.2876656,51.564929
1122,Croydon London Boro,-0.0824894,51.3748165
1123,Newham London Boro,0.017934,51.544856
1124,Lewisham London Boro,-0.0612414,51.4277759
1125,Harrow London Boro,-0.3324024,51.609608
1126,Merton London Boro,-0.227007,51.416111
1127,Kingston upon Thames London Boro,-0.3126502,51.3581871
1128,Brent London Boro,-0.2526988,51.5478047
1129,Havering London Boro,0.298927,51.541953
1130,Harrow London Boro,-0.332577,51.562035
1131,Bromley London Boro,0.030849,51.40958
1132,Harrow London Boro,-0.3291079,51.6100468
1133,Barnet London Boro,-0.2643779,51.617331
1134,Bexley London Boro,0.1393845,51.430994
1135,Sutton London Boro,-0.1527477,51.3708209
1136,Newham London Boro,0.011975,51.520311
1137,Newham London Boro,0.0295,51.527984
1138,Sutton London Boro,-0.180359,51.35439
1139,Lambeth London Boro,-0.130344,51.45781
1140,Lewisham London Boro,-0.010612,51.469004
1141,Bromley London Boro,-0.060782,51.423065
1142,Tower Hamlets London Boro,-0.025646,51.508638
1143,Tower Hamlets London Boro,-0.025646,51.508638
1144,Waltham Forest London Boro,0.012981,51.632232
1145,Waltham Forest London Boro,-0.01955,51.59034
1146,Croydon London Boro,-0.077313,51.414336
1147,Southwark London Boro,-0.0593017,51.4928777
1148,Southwark London Boro,-0.0618426,51.4686306
1149,Hackney London Boro,-0.029968,51.543395
1150,City of Westminster London Boro,-0.131501,51.49575
1151,Southwark London Boro,-0.0436675,51.491287
1152,Tower Hamlets London Boro,-0.064258,51.527878
1153,Islington London Boro,-0.1123467,51.5642539
1154,Southwark London Boro,-0.0743604,51.481054
1155,Lewisham London Boro,-0.011132,51.472269
1156,Brent London Boro,-0.3042394,51.5762841
1157,Enfield London Boro,-0.0643666,51.6448721
1158,Brent London Boro,-0.293828,51.558337
1159,Redbridge London Boro,0.083023,51.55755
1160,Redbridge London Boro,0.0864492,51.5614447
1161,Newham London Boro,0.021311,51.54719
1162,Enfield London Boro,-0.055401,51.644292
1163,Enfield London Boro,-0.0721101,51.6442801
1164,Hillingdon London Boro,-0.4429258,51.5290011
1165,Hillingdon London Boro,-0.481051,51.535678
1166,Hillingdon London Boro,-0.479442,51.506082
1167,Ealing London Boro,-0.3308901,51.5097997
1168,Ealing London Boro,-0.332393,51.528624
1169,Ealing London Boro,-0.340483,51.509144
1170,Ealing London Boro,-0.33022,51.504485
1171,Ealing London Boro,-0.3301189,51.5052746
1172,Ealing London Boro,-0.3352122,51.5323598
1173,Ealing London Boro,-0.335205,51.5325576
1174,Ealing London Boro,-0.277851,51.5134482
1175,Ealing London Boro,-0.297881,51.507716
1176,Ealing London Boro,-0.269573,51.509019
1177,Ealing London Boro,-0.334037,51.532946
1178,Ealing London Boro,-0.334037,51.532946
1179,Ealing London Boro,-0.3336245,51.5328049
1180,Hounslow London Boro,-0.349099,51.472694
1181,Harrow London Boro,-0.332106,51.594839
1182,Harrow London Boro,-0.342843,51.575704
1183,Harrow London Boro,-0.342624,51.5875318
1184,Hillingdon London Boro,-0.473765,51.556077
1185,Bromley London Boro,0.100066,51.419142
1186,Hillingdon London Boro,-0.4732555,51.5562232
1187,Havering London Boro,0.1796972,51.6068512
1188,Croydon London Boro,-0.0901696,51.3691147
1189,Barnet London Boro,-0.2338403,51.6469838
1190,Redbridge London Boro,0.0774721,51.5651741
1191,Kingston upon Thames London Boro,-0.2957772,51.3887838
1192,Croydon London Boro,-0.1078976,51.3391507
1193,Greenwich London Boro,0.0107163,51.4811126
1194,Barking and Dagenham London Boro,0.117102,51.542047
1195,Barking and Dagenham London Boro,0.155808,51.539561
1196,Havering London Boro,0.2046701,51.5211355
1197,Havering London Boro,0.2173378,51.5955178
1198,Havering London Boro,0.231087,51.591529
1199,Havering London Boro,0.196606,51.583654
1200,Greenwich London Boro,0.00864,51.4815
1201,Brent London Boro,-0.3040367,51.5596275
1202,Harrow London Boro,-0.336527,51.587636
1203,Harrow London Boro,-0.3720186,51.5930161
1204,Richmond upon Thames London Boro,-0.322536,51.4184396
1205,Bromley London Boro,-0.018561,51.378186
1206,Redbridge London Boro,0.0176,51.569249
1207,Wandsworth London Boro,-0.139426,51.424277
1208,Harrow London Boro,-0.3318259,51.603665
1209,Harrow London Boro,-0.3363859,51.5851789
1210,Sutton London Boro,-0.1505264,51.3626461
1211,Bromley London Boro,0.09196,51.371994
1212,Bromley London Boro,0.0458433,51.3897682
1213,Bromley London Boro,0.0084747,51.4095155
1214,Bromley London Boro,0.094643,51.37254
1215,Enfield London Boro,-0.114361,51.626802
1216,Barking and Dagenham London Boro,0.142672,51.57428
1217,Barnet London Boro,-0.1744403,51.6140442
1218,Enfield London Boro,-0.0864938,51.6352982
1219,Lambeth London Boro,-0.1306449,51.4162687
1220,Haringey London Boro,-0.108057,51.59085
1221,Haringey London Boro,-0.093534,51.587063
1222,Haringey London Boro,-0.069617,51.603602
1223,Haringey London Boro,-0.08354,51.592581
1224,Haringey London Boro,-0.1092255,51.5688887
1225,Haringey London Boro,-0.097249,51.586851
1226,Haringey London Boro,-0.148454,51.587232
1227,Barking and Dagenham London Boro,0.1766098,51.5590512
1228,Greenwich London Boro,0.082361,51.49534
1229,Ealing London Boro,-0.3710709,51.5177652
1230,Newham London Boro,0.045651,51.552829
1231,Redbridge London Boro,0.0709377,51.5480057
1232,Bexley London Boro,0.0991474,51.4367802
1233,Harrow London Boro,-0.3862836,51.6022772
1234,Sutton London Boro,-0.151518,51.365566
1235,Croydon London Boro,-0.1065993,51.3960718
1236,Sutton London Boro,-0.153022,51.35738
1237,Croydon London Boro,-0.0800648,51.3472499
1238,Croydon London Boro,-0.088069,51.416418
1239,Sutton London Boro,-0.187562,51.36665
1240,Harrow London Boro,-0.3723,51.574649
1241,Wandsworth London Boro,-0.141804,51.417363
1242,Lambeth London Boro,-0.1333169,51.4618679
1243,Merton London Boro,-0.1710673,51.3969069
1244,Lambeth London Boro,-0.1135437,51.469384
1245,Kingston upon Thames London Boro,-0.2633624,51.397133
1246,Lewisham London Boro,-0.0486461,51.4806237
1247,Wandsworth London Boro,-0.16868,51.478243
1248,Brent London Boro,-0.2786896,51.5481619
1249,Enfield London Boro,-0.0777956,51.6137361
1250,Hillingdon London Boro,-0.485907,51.6131
1251,Havering London Boro,0.218852,51.551949
1252,Bexley London Boro,0.1033421,51.4268352
1253,Newham London Boro,0.059452,51.549889
1254,Barnet London Boro,-0.2084065,51.6536848
1255,Ealing London Boro,-0.312064,51.515016
1256,Merton London Boro,-0.1872106,51.3980031
1257,Havering London Boro,0.2321684,51.5771899
1258,Havering London Boro,0.188354,51.5802282
1259,Sutton London Boro,-0.239516,51.382973
1260,Havering London Boro,0.209044,51.578196
1261,Harrow London Boro,-0.3126246,51.5887423
1262,Barking and Dagenham London Boro,0.080436,51.54317
1263,Haringey London Boro,-0.1443833,51.5906811
1264,Hillingdon London Boro,-0.4208671,51.6081697
1265,Barnet London Boro,-0.170764,51.632235
1266,Enfield London Boro,-0.111261,51.6224624
1267,Waltham Forest London Boro,0.0070444,51.610032
1268,Haringey London Boro,-0.1390282,51.5941932
1269,Redbridge London Boro,0.0252718,51.6106901
1270,Bexley London Boro,0.129366,51.460565
1271,Bexley London Boro,0.171778,51.47637
1272,Bexley London Boro,0.090275,51.434596
1273,Greenwich London Boro,0.031753,51.475913
1274,Greenwich London Boro,0.0736139,51.4812221
1275,Bexley London Boro,0.1467648,51.4607516
1276,Greenwich London Boro,0.058242,51.492366
1277,Greenwich London Boro,0.1118641,51.4943174
1278,Haringey London Boro,-0.139871,51.569675
1279,Kensington and Chelsea London Boro,-0.2024797,51.5092065
1280,Enfield London Boro,-0.073879,51.641414
1281,Greenwich London Boro,0.018038,51.478471
1282,Lewisham London Boro,0.0019026,51.4453743
1283,Brent London Boro,-0.2384,51.544965
1284,Brent London Boro,-0.2384,51.544965
1285,Barnet London Boro,-0.1797425,51.6106189
1286,Brent London Boro,-0.2710901,51.5488865
1287,Ealing London Boro,-0.317906,51.525063
1288,Bexley London Boro,0.173686,51.452881
1289,Hounslow London Boro,-0.261727,51.488391
1290,Kingston upon Thames London Boro,-0.280177,51.411976
1291,City of Westminster London Boro,-0.187872,51.531741
1292,Enfield London Boro,-0.074386,51.652027
1293,Sutton London Boro,-0.20426,51.3521064
1294,Lambeth London Boro,-0.1237547,51.4208708
1295,Lambeth London Boro,-0.1370926,51.4391407
1296,Lambeth London Boro,-0.12319,51.42097
1297,Barnet London Boro,-0.242166,51.5865221
1298,Brent London Boro,-0.262818,51.58667
1299,Lewisham London Boro,-0.012862,51.452019
1300,Bromley London Boro,0.0755188,51.4178977
1301,Bromley London Boro,0.0455296,51.3965903
1302,Bromley London Boro,0.0452608,51.3973324
1303,Southwark London Boro,-0.0893208,51.4715726
1304,Bromley London Boro,0.0055278,51.4128214
1305,Croydon London Boro,-0.1005343,51.4178978
1306,Bromley London Boro,0.038049,51.309093
1307,Enfield London Boro,-0.108226,51.6259655
1308,Bromley London Boro,0.040424,51.40301
1309,Bromley London Boro,0.017707,51.412477
1310,Bromley London Boro,0.009301,51.409007
1311,Bexley London Boro,0.116405,51.4776
1312,Havering London Boro,0.169645,51.5788526
1313,Harrow London Boro,-0.3729951,51.5911413
1314,Brent London Boro,-0.290742,51.576772
1315,Brent London Boro,-0.2973089,51.5613105
1316,Ealing London Boro,-0.3614104,51.5005993
1317,Ealing London Boro,-0.361372,51.500681
1318,Croydon London Boro,-0.0804669,51.3637403
1319,Greenwich London Boro,0.085552,51.479033
1320,Hillingdon London Boro,-0.424661,51.520628
1321,Brent London Boro,-0.2507804,51.5579644
1322,Croydon London Boro,-0.138698,51.313538
1323,Greenwich London Boro,0.050513,51.490919
1324,Hounslow London Boro,-0.344872,51.475485
1325,Hounslow London Boro,-0.350789,51.475919
1326,Hounslow London Boro,-0.3443751,51.4751393
1327,Lewisham London Boro,0.0108662,51.4639349
1328,Greenwich London Boro,0.034269,51.474547
1329,Greenwich London Boro,0.0231195,51.4783553
1330,Brent London Boro,-0.2788068,51.566454
1331,Harrow London Boro,-0.322465,51.580646
1332,Brent London Boro,-0.2197165,51.5444133
1333,Greenwich London Boro,0.106183,51.506092
1334,Lambeth London Boro,-0.1233193,51.4353599
1335,Enfield London Boro,-0.1275321,51.6455187
1336,Enfield London Boro,-0.085993,51.635182
1337,Wandsworth London Boro,-0.166658,51.4219724
1338,Croydon London Boro,-0.1270921,51.3342524
1339,Croydon London Boro,-0.108871,51.295956
1340,Croydon London Boro,-0.108871,51.295956
1341,Croydon London Boro,-0.1215054,51.3339561
1342,Bromley London Boro,0.0500903,51.4230306
1343,Redbridge London Boro,0.1243777,51.5734708
1344,Barnet London Boro,-0.1994088,51.6667645
1345,Barnet London Boro,-0.1953305,51.5688908
1346,Havering London Boro,0.153108,51.6022681
1347,Hounslow London Boro,-0.390984,51.4310018
1348,Hounslow London Boro,-0.3398455,51.4767768
1349,Hounslow London Boro,-0.3398455,51.4767768
1350,Richmond upon Thames London Boro,-0.3772514,51.4351415
1351,Richmond upon Thames London Boro,-0.3767671,51.4352885
1352,Richmond upon Thames London Boro,-0.3183859,51.4239982
1353,Harrow London Boro,-0.373803,51.605297
1354,Brent London Boro,-0.2683638,51.5944641
1355,Richmond upon Thames London Boro,-0.2731496,51.4273486
1356,Wandsworth London Boro,-0.2088034,51.4553749
1357,Merton London Boro,-0.21259,51.418491
1358,Havering London Boro,0.233768,51.592629
1359,Harrow London Boro,-0.34184,51.581659
1360,Lambeth London Boro,-0.131528,51.42211
1361,Lambeth London Boro,-0.134561,51.420746
1362,Lambeth London Boro,-0.1280725,51.4274864
1363,Kensington and Chelsea London Boro,-0.157313,51.487401
1364,Haringey London Boro,-0.155864,51.575269
1365,Redbridge London Boro,0.0719539,51.5536082
1366,Redbridge London Boro,0.071965,51.5513148
1367,Kingston upon Thames London Boro,-0.2974214,51.3915507
1368,Haringey London Boro,-0.095768,51.581614
1369,Bromley London Boro,-0.0200437,51.3964487
1370,Havering London Boro,0.2086275,51.5183475
1371,Bromley London Boro,-0.0641401,51.4061603
1372,Redbridge London Boro,0.0709377,51.5480057
1373,Enfield London Boro,-0.098037,51.631925
1374,Croydon London Boro,-0.0885063,51.3648969
1375,Havering London Boro,0.1759276,51.6037054
1376,Barnet London Boro,-0.2162046,51.6486631
1377,Lambeth London Boro,-0.101256,51.437963
1378,Lambeth London Boro,-0.1196902,51.4827288
1379,Hackney London Boro,-0.079927,51.566707
1380,Waltham Forest London Boro,-0.0201353,51.6090818
1381,Waltham Forest London Boro,-0.0198701,51.6088705
1382,Waltham Forest London Boro,-0.0187912,51.6091041
1383,Enfield London Boro,-0.1143612,51.6114516
1384,Barnet London Boro,-0.170924,51.612805
1385,Southwark London Boro,-0.0888046,51.4780658
1386,Southwark London Boro,-0.090398,51.477581
1387,Enfield London Boro,-0.0636484,51.6328913
1388,Hounslow London Boro,-0.340054,51.477522
1389,Croydon London Boro,-0.0823648,51.4004888
1390,Brent London Boro,-0.2949054,51.5734961
1391,Kensington and Chelsea London Boro,-0.190908,51.499883
1392,Haringey London Boro,-0.0938862,51.5882172
1393,Havering London Boro,0.1662867,51.5755385
1394,Kensington and Chelsea London Boro,-0.1934566,51.5126733
1395,Bexley London Boro,0.1028577,51.427878
1396,Redbridge London Boro,0.0633248,51.5707564
1397,Southwark London Boro,-0.093059,51.47586
1398,Croydon London Boro,-0.106352,51.363064
1399,Harrow London Boro,-0.3465421,51.6072003
1400,Bromley London Boro,-0.0686879,51.4026472
1401,Enfield London Boro,-0.03776,51.64821
1402,Enfield London Boro,-0.1089671,51.6192602
1403,Enfield London Boro,-0.10093,51.6328798
1404,Enfield London Boro,-0.0955831,51.6321997
1405,Hounslow London Boro,-0.4115666,51.4534108
1406,Barnet London Boro,-0.2044,51.580689
1407,Lambeth London Boro,-0.100972,51.434397
1408,Wandsworth London Boro,-0.1345336,51.430611
1409,Greenwich London Boro,0.01656,51.485375
1410,Croydon London Boro,-0.120724,51.3411288
1411,Lewisham London Boro,-0.0351898,51.4395092
1412,Lambeth London Boro,-0.127209,51.419757
1413,Brent London Boro,-0.3132982,51.5838062
1414,Barnet London Boro,-0.1739694,51.612064
1415,Barnet London Boro,-0.242166,51.5865221
1416,Barnet London Boro,-0.245383,51.5906203
1417,Brent London Boro,-0.2641236,51.5871537
1418,Redbridge London Boro,0.0177428,51.5688963
1419,Lewisham London Boro,-0.0171489,51.4411029
1420,Kingston upon Thames London Boro,-0.2887515,51.3835861
1421,Kingston upon Thames London Boro,-0.2644775,51.3965381
1422,Islington London Boro,-0.1093812,51.5588736
1423,Redbridge London Boro,0.1063888,51.5686333
1424,Bromley London Boro,0.089363,51.397274
1425,Hounslow London Boro,-0.383469,51.477373
1426,Sutton London Boro,-0.1853887,51.3732565
1427,Enfield London Boro,-0.0744417,51.6523575
1428,Enfield London Boro,-0.097569,51.662428
1429,Croydon London Boro,-0.13832,51.3285412
1430,Harrow London Boro,-0.31112,51.597407
1431,Harrow London Boro,-0.3109739,51.597441
1432,Sutton London Boro,-0.211656,51.348793
1433,Enfield London Boro,-0.1102428,51.6219335
1434,Haringey London Boro,-0.09997,51.575951
1435,Hammersmith and Fulham London Boro,-0.253057,51.523378
1436,Enfield London Boro,-0.131094,51.637635
1437,Enfield London Boro,-0.137006,51.646065
1438,Barking and Dagenham London Boro,0.161911,51.550591
1439,Wandsworth London Boro,-0.230226,51.45561
1440,Hillingdon London Boro,-0.4283808,51.524356
1441,Havering London Boro,0.1863173,51.5694761
1442,Hillingdon London Boro,-0.436978,51.570052
1443,Greenwich London Boro,0.10891,51.507123
1444,Croydon London Boro,-0.09326,51.395775
1445,Hounslow London Boro,-0.406622,51.450569
1446,Brent London Boro,-0.3066718,51.5523818
1447,Hounslow London Boro,-0.408352,51.450305
1448,Merton London Boro,-0.135339,51.40629
1449,Wandsworth London Boro,-0.153851,51.430674
1450,Barnet London Boro,-0.281352,51.6110568
1451,Redbridge London Boro,0.082997,51.576821
1452,City of Westminster London Boro,-0.183022,51.539121
1453,Havering London Boro,0.1851018,51.5350947
1454,Lewisham London Boro,-0.0113624,51.450753
1455,Lewisham London Boro,0.0159254,51.4445315
1456,Haringey London Boro,-0.095042,51.580269
1457,Haringey London Boro,-0.094521,51.578561
1458,Haringey London Boro,-0.094521,51.578561
1459,Haringey London Boro,-0.095187,51.579201
1460,Southwark London Boro,-0.0702877,51.452745
1461,Ealing London Boro,-0.349991,51.508415
1462,Croydon London Boro,-0.0121726,51.3392378
1463,Bromley London Boro,0.100035,51.404592
1464,Bromley London Boro,0.021137,51.377085
1465,Bromley London Boro,0.004009,51.402434
1466,Tower Hamlets London Boro,-0.0471214,51.5230436
1467,Havering London Boro,0.1879813,51.58063
1468,Hillingdon London Boro,-0.4161262,51.5655282
1469,Southwark London Boro,-0.0582283,51.4920326
1470,Hackney London Boro,-0.053324,51.553712
1471,Harrow London Boro,-0.3207472,51.6123553
1472,Kingston upon Thames London Boro,-0.249953,51.3838764
1473,Hillingdon London Boro,-0.459923,51.528146
1474,Hillingdon London Boro,-0.453905,51.51939
1475,Hillingdon London Boro,-0.445457,51.565992
1476,Hillingdon London Boro,-0.44929,51.522431
1477,Hillingdon London Boro,-0.4763802,51.5084526
1478,Hillingdon London Boro,-0.4589306,51.5297789
1479,Havering London Boro,0.278322,51.5593647
1480,Islington London Boro,-0.1174112,51.5652975
1481,Islington London Boro,-0.0920506,51.540707
1482,Hackney London Boro,-0.0814345,51.5472782
1483,Lambeth London Boro,-0.122315,51.429319
1484,Merton London Boro,-0.1814,51.392266
1485,Richmond upon Thames London Boro,-0.320397,51.4177118
1486,Hounslow London Boro,-0.3843771,51.4640972
1487,Tower Hamlets London Boro,-0.0256867,51.5146903
1488,Hillingdon London Boro,-0.433611,51.524435
1489,Brent London Boro,-0.29116,51.577155
1490,Bexley London Boro,0.125736,51.4942825
1491,Hillingdon London Boro,-0.4818161,51.6028052
1492,Southwark London Boro,-0.083237,51.495448
1493,Bexley London Boro,0.1365442,51.4589149
1494,Lewisham London Boro,-0.0243613,51.4536976
1495,Lambeth London Boro,-0.125187,51.4308575
1496,Ealing London Boro,-0.3604,51.555636
1497,Ealing London Boro,-0.377739,51.502894
1498,Southwark London Boro,-0.0709392,51.4922514
1499,Southwark London Boro,-0.066285,51.451483
1500,Southwark London Boro,-0.0640441,51.4438292
1501,Southwark London Boro,-0.076444,51.495624
1502,Southwark London Boro,-0.099801,51.48132
1503,Southwark London Boro,-0.099801,51.48132
1504,Southwark London Boro,-0.069933,51.4471637
1505,Southwark London Boro,-0.0577148,51.4522496
1506,Croydon London Boro,-0.1209614,51.3265463
1507,Croydon London Boro,-0.1208536,51.3263737
1508,Croydon London Boro,-0.083302,51.360234
1509,Croydon London Boro,-0.079334,51.361294
1510,Wandsworth London Boro,-0.189913,51.447153
1511,Wandsworth London Boro,-0.160151,51.440746
1512,Bromley London Boro,0.052729,51.401411
1513,Hillingdon London Boro,-0.4404079,51.6102383
1514,Hillingdon London Boro,-0.381932,51.559424
1515,Harrow London Boro,-0.356721,51.6033038
1516,Enfield London Boro,-0.1247633,51.6162853
1517,Ealing London Boro,-0.2676061,51.514916
1518,Wandsworth London Boro,-0.221385,51.448309
1519,Barnet London Boro,-0.1575869,51.6293494
1520,Wandsworth London Boro,-0.1459514,51.4200639
1521,Havering London Boro,0.2189622,51.6113341
1522,Greenwich London Boro,0.0747388,51.4871795
1523,Lambeth London Boro,-0.1288934,51.4207731
1524,Greenwich London Boro,0.047783,51.4894738
1525,Redbridge London Boro,0.07002,51.5910698
1526,Redbridge London Boro,0.1185172,51.5818231
1527,Redbridge London Boro,0.085378,51.577184
1528,Redbridge London Boro,0.0244717,51.582638
1529,Tower Hamlets London Boro,-0.0486903,51.5186078
1530,Croydon London Boro,-0.0759477,51.399925
1531,Greenwich London Boro,0.0317548,51.4595476
1532,Redbridge London Boro,0.100896,51.6084795
1533,Greenwich London Boro,-0.017989,51.4726459
1534,Harrow London Boro,-0.33919,51.602897
1535,Bexley London Boro,0.180129,51.470298
1536,Lambeth London Boro,-0.114113,51.474096
1537,Newham London Boro,0.060613,51.512675
1538,Croydon London Boro,-0.0846634,51.3619745
1539,Barking and Dagenham London Boro,0.0804496,51.5434759
1540,Barking and Dagenham London Boro,0.1796238,51.5578172
1541,Hammersmith and Fulham London Boro,-0.2453037,51.5083347
1542,Hammersmith and Fulham London Boro,-0.2374998,51.4917346
1543,Kensington and Chelsea London Boro,-0.223508,51.521495
1544,Hammersmith and Fulham London Boro,-0.245635,51.503843
1545,Hammersmith and Fulham London Boro,-0.209029,51.477554
1546,Hammersmith and Fulham London Boro,-0.231546,51.499289
1547,City of Westminster London Boro,-0.1963601,51.5227176
1548,Hammersmith and Fulham London Boro,-0.22121,51.502414
1549,Hammersmith and Fulham London Boro,-0.211248,51.473109
1550,Hammersmith and Fulham London Boro,-0.239272,51.504072
1551,Hammersmith and Fulham London Boro,-0.2264698,51.4997874
1552,Hammersmith and Fulham London Boro,-0.227254,51.500366
1553,Hammersmith and Fulham London Boro,-0.1876294,51.4699321
1554,Richmond upon Thames London Boro,-0.3248578,51.4498966
1555,Hackney London Boro,-0.069231,51.556225
1556,Brent London Boro,-0.306586,51.5566339
1557,Redbridge London Boro,0.0852419,51.5786698
1558,Southwark London Boro,-0.0594607,51.4524853
1559,Southwark London Boro,-0.068689,51.463339
1560,Hillingdon London Boro,-0.4116086,51.5745751
1561,Harrow London Boro,-0.3309495,51.6110261
1562,Hackney London Boro,-0.050696,51.55144
1563,Hackney London Boro,-0.0882092,51.5663392
1564,Hackney London Boro,-0.0880822,51.5671723
1565,Lambeth London Boro,-0.121042,51.423885
1566,Ealing London Boro,-0.3603294,51.5555898
1567,Merton London Boro,-0.166044,51.416549
1568,Waltham Forest London Boro,0.0114908,51.5730593
1569,Waltham Forest London Boro,0.0118222,51.5737011
1570,Sutton London Boro,-0.1975206,51.3591355
1571,Kingston upon Thames London Boro,-0.2919975,51.379389
1572,Lewisham London Boro,-0.0370752,51.4391631
1573,Richmond upon Thames London Boro,-0.355952,51.447873
1574,Richmond upon Thames London Boro,-0.3578676,51.4563111
1575,Hounslow London Boro,-0.3308894,51.456565
1576,Ealing London Boro,-0.301704,51.522871
1577,Haringey London Boro,-0.094135,51.608241
1578,Kensington and Chelsea London Boro,-0.220325,51.519199
1579,Hackney London Boro,-0.069231,51.556225
1580,Hackney London Boro,-0.0278848,51.5445468
1581,Hackney London Boro,-0.057963,51.554232
1582,City of Westminster London Boro,-0.118999,51.513868
1583,Hackney London Boro,-0.055957,51.5535223
1584,Kingston upon Thames London Boro,-0.3032168,51.3942458
1585,Brent London Boro,-0.2930597,51.5603586
1586,Harrow London Boro,-0.353731,51.580523
1587,Lewisham London Boro,-0.0356309,51.4838776
1588,Brent London Boro,-0.283442,51.590117
1589,Southwark London Boro,-0.069517,51.432517
1590,Redbridge London Boro,0.024447,51.605453
1591,Hillingdon London Boro,-0.4262018,51.614266
1592,Kingston upon Thames London Boro,-0.2768124,51.4026282
1593,Richmond upon Thames London Boro,-0.287913,51.4768527
1594,Haringey London Boro,-0.1307981,51.5776783
1595,Merton London Boro,-0.2179859,51.427633
1596,Lambeth London Boro,-0.1052382,51.4943483
1597,Ealing London Boro,-0.2672443,51.5130582
1598,Southwark London Boro,-0.067297,51.464593
1599,Hillingdon London Boro,-0.4161262,51.5655282
1600,Richmond upon Thames London Boro,-0.3101194,51.4539885
1601,Richmond upon Thames London Boro,-0.372377,51.422015
1602,Richmond upon Thames London Boro,-0.3496164,51.4313997
1603,Richmond upon Thames London Boro,-0.356878,51.427491
1604,Richmond upon Thames London Boro,-0.340188,51.452794
1605,Brent London Boro,-0.2382753,51.5448374
1606,Newham London Boro,0.007144,51.552343
1607,Newham London Boro,0.027661,51.52521
1608,Haringey London Boro,-0.077092,51.582179
1609,Wandsworth London Boro,-0.159359,51.424655
1610,Wandsworth London Boro,-0.162465,51.442949
1611,Wandsworth London Boro,-0.162465,51.442949
1612,Wandsworth London Boro,-0.226751,51.4559
1613,Lambeth London Boro,-0.145815,51.445475
1614,Wandsworth London Boro,-0.144551,51.438037
1615,Lambeth London Boro,-0.121582,51.443677
1616,Merton London Boro,-0.1539152,51.4033914
1617,Sutton London Boro,-0.148246,51.359004
1618,Richmond upon Thames London Boro,-0.314357,51.418982
1619,Bromley London Boro,-0.037543,51.407094
1620,Greenwich London Boro,0.0165043,51.4857533
1621,Ealing London Boro,-0.2972886,51.5205122
1622,Croydon London Boro,-0.072901,51.377735
1623,Croydon London Boro,-0.145998,51.34387
1624,Sutton London Boro,-0.158737,51.359583
1625,Barnet London Boro,-0.17698,51.639364
1626,Sutton London Boro,-0.2103637,51.3856344
1627,Bromley London Boro,-0.0621422,51.4092028
1628,Sutton London Boro,-0.202097,51.3587091
1629,Sutton London Boro,-0.1998452,51.354089
1630,Barnet London Boro,-0.218656,51.5943076
1631,Croydon London Boro,-0.091263,51.36183
1632,Newham London Boro,0.056957,51.550859
1633,Wandsworth London Boro,-0.1731247,51.4707951
1634,Harrow London Boro,-0.394997,51.6013535
1635,Harrow London Boro,-0.327528,51.6106
1636,Harrow London Boro,-0.340985,51.578203
1637,Harrow London Boro,-0.329197,51.611936
1638,Harrow London Boro,-0.356141,51.571339
1639,Harrow London Boro,-0.332625,51.577509
1640,Harrow London Boro,-0.3310556,51.5778015
1641,Bromley London Boro,-0.045092,51.417885
1642,Croydon London Boro,-0.0874234,51.3774421
1643,Croydon London Boro,-0.0871067,51.377455
1644,Enfield London Boro,-0.0943403,51.6397871
1645,Enfield London Boro,-0.0971731,51.6314971
1646,Sutton London Boro,-0.1773261,51.3652964
1647,Sutton London Boro,-0.1336509,51.3597436
1648,Sutton London Boro,-0.1622851,51.3584877
1649,Sutton London Boro,-0.1570503,51.3729646
1650,Redbridge London Boro,0.064132,51.565967
1651,Lewisham London Boro,-0.0219737,51.4436664
1652,Croydon London Boro,-0.1256458,51.3324037
1653,Hounslow London Boro,-0.3216755,51.4729795
1654,Barking and Dagenham London Boro,0.135236,51.533238
1655,Merton London Boro,-0.164594,51.402848
1656,Enfield London Boro,-0.1172874,51.6454855
1657,Kensington and Chelsea London Boro,-0.1813704,51.4850325
1658,Barnet London Boro,-0.2261605,51.5794787
1659,Hammersmith and Fulham London Boro,-0.1966467,51.4822469
1660,City of Westminster London Boro,-0.1911634,51.5218103
1661,Richmond upon Thames London Boro,-0.2906935,51.4563996
1662,Havering London Boro,0.1732798,51.5800788
1663,Islington London Boro,-0.0928636,51.5560974
1664,Enfield London Boro,-0.104663,51.614389
1665,Richmond upon Thames London Boro,-0.3533982,51.4278144
1666,Islington London Boro,-0.112552,51.5638256
1667,Redbridge London Boro,0.1104875,51.577993
1668,Islington London Boro,-0.1142742,51.5350953
1669,Hammersmith and Fulham London Boro,-0.225229,51.4905604
1670,Hillingdon London Boro,-0.4811047,51.5002771
1671,Hillingdon London Boro,-0.3903465,51.5687023
1672,Richmond upon Thames London Boro,-0.3590502,51.4559824
1673,Kensington and Chelsea London Boro,-0.1605279,51.4857788
1674,Croydon London Boro,-0.0998384,51.3125274
1675,Lambeth London Boro,-0.1079545,51.4234944
1676,Harrow London Boro,-0.3094211,51.5879318
1677,Harrow London Boro,-0.366644,51.6098121
1678,Hillingdon London Boro,-0.433916,51.5718276
1679,Greenwich London Boro,0.0494487,51.4826102
1680,Waltham Forest London Boro,-0.017224,51.613907
1681,Croydon London Boro,-0.0800079,51.3637238
1682,Croydon London Boro,-0.089873,51.343156
1683,Hounslow London Boro,-0.368898,51.49306
1684,Kensington and Chelsea London Boro,-0.1948,51.498738
1685,Hammersmith and Fulham London Boro,-0.2296434,51.5056355
1686,Hammersmith and Fulham London Boro,-0.2360786,51.4916054
1687,Waltham Forest London Boro,0.0071749,51.6355776
1688,Waltham Forest London Boro,-0.01955,51.59034
1689,Redbridge London Boro,0.1142074,51.5608039
1690,Redbridge London Boro,0.1142044,51.560741
1691,Croydon London Boro,-0.097497,51.400718
1692,Kingston upon Thames London Boro,-0.29082,51.389785
1693,Barnet London Boro,-0.1823754,51.612325
1694,Redbridge London Boro,0.1088177,51.5608137
1695,Greenwich London Boro,0.0740026,51.4320613
1696,City of Westminster London Boro,-0.18195,51.5356241
1697,Croydon London Boro,-0.122563,51.341536
1698,Harrow London Boro,-0.3688002,51.6123315
1699,Sutton London Boro,-0.2032326,51.3478413
1700,Barnet London Boro,-0.1393439,51.6394478
1701,Merton London Boro,-0.2210638,51.3924317
1702,Brent London Boro,-0.2503348,51.5736314
1703,Croydon London Boro,-0.090181,51.36505
1704,Hillingdon London Boro,-0.4752024,51.5022957
1705,Brent London Boro,-0.2677356,51.5646724
1706,Harrow London Boro,-0.3334996,51.6159271
1707,Harrow London Boro,-0.344316,51.586208
1708,Richmond upon Thames London Boro,-0.2458819,51.4497307
1709,Enfield London Boro,-0.0748108,51.641258
1710,Wandsworth London Boro,-0.2388494,51.4503447
1711,Hounslow London Boro,-0.307715,51.4849815
1712,City of Westminster London Boro,-0.192279,51.5326
1713,Kensington and Chelsea London Boro,-0.2023134,51.5201562
1714,Lewisham London Boro,0.0027228,51.4463585
1715,Haringey London Boro,-0.1407274,51.5943011
1716,Enfield London Boro,-0.111977,51.610442
1717,Sutton London Boro,-0.20452,51.351337
1718,Sutton London Boro,-0.2117049,51.346735
1719,Camden London Boro,-0.1807347,51.5397058
1720,Enfield London Boro,-0.063148,51.649042
1721,Enfield London Boro,-0.096953,51.6174204
1722,Barnet London Boro,-0.2054179,51.6522945
1723,Croydon London Boro,-0.107038,51.398327
1724,Enfield London Boro,-0.069443,51.6264223
1725,Newham London Boro,0.0577611,51.5248745
1726,Barking and Dagenham London Boro,0.1285404,51.5828737
1727,Barking and Dagenham London Boro,0.0793327,51.5325785
1728,Kensington and Chelsea London Boro,-0.1797041,51.4892601
1729,Croydon London Boro,-0.128322,51.327401
1730,Bromley London Boro,0.0134083,51.4170748
1731,Greenwich London Boro,0.020133,51.466573
1732,Islington London Boro,-0.0972895,51.5326538
1733,Merton London Boro,-0.1841693,51.4193274
1734,Harrow London Boro,-0.3609709,51.5838882
1735,Tower Hamlets London Boro,-0.044998,51.520454
1736,Tower Hamlets London Boro,-0.047121,51.523044
1737,Brent London Boro,-0.288703,51.563802
1738,City of Westminster London Boro,-0.137549,51.49449
1739,Waltham Forest London Boro,-0.0112764,51.5791307
1740,Harrow London Boro,-0.3702378,51.5794402
1741,Harrow London Boro,-0.3755755,51.570603
1742,Harrow London Boro,-0.3399711,51.5790879
1743,Enfield London Boro,-0.053544,51.665034
1744,Enfield London Boro,-0.053544,51.665034
1745,Croydon London Boro,-0.1256441,51.3437076
1746,Hillingdon London Boro,-0.4168884,51.6158493
1747,Hillingdon London Boro,-0.4224348,51.6141885
1748,Brent London Boro,-0.3156141,51.5789477
1749,Hillingdon London Boro,-0.4339678,51.6123658
1750,Lewisham London Boro,-0.0228061,51.44172
1751,Lewisham London Boro,-0.011489,51.4412138
1752,Lewisham London Boro,-0.012836,51.447379
1753,Lewisham London Boro,-0.016604,51.4370739
1754,Wandsworth London Boro,-0.174712,51.425587
1755,Enfield London Boro,-0.1275321,51.6455187
1756,Waltham Forest London Boro,0.001986,51.569229
1757,Croydon London Boro,-0.0990177,51.3601399
1758,Croydon London Boro,-0.0811955,51.372772
1759,Lambeth London Boro,-0.1233193,51.4353599
1760,Wandsworth London Boro,-0.1600677,51.4266981
1761,Hillingdon London Boro,-0.4379929,51.54328
1762,Redbridge London Boro,0.078489,51.546667
1763,Bromley London Boro,0.0417181,51.4023582
1764,Ealing London Boro,-0.3431652,51.5055046
1765,Croydon London Boro,-0.120266,51.335834
1766,Croydon London Boro,-0.1087971,51.3427623
1767,Croydon London Boro,-0.1089292,51.3426925
1768,Croydon London Boro,-0.1188511,51.3928159
1769,Barnet London Boro,-0.2055079,51.5770028
1770,Enfield London Boro,-0.099278,51.625398
1771,Croydon London Boro,-0.0795274,51.3985539
1772,Enfield London Boro,-0.071099,51.666744
1773,Barnet London Boro,-0.139984,51.615682
1774,Enfield London Boro,-0.094193,51.627438
1775,Brent London Boro,-0.288661,51.56185
1776,Barnet London Boro,-0.252778,51.598792
1777,Barnet London Boro,-0.14599,51.627174
1778,Harrow London Boro,-0.292489,51.595609
1779,Harrow London Boro,-0.292489,51.595609
1780,Barnet London Boro,-0.14373,51.613089
1781,Barnet London Boro,-0.147062,51.627017
1782,Brent London Boro,-0.238302,51.546393
1783,Barnet London Boro,-0.182336,51.594323
1784,Barnet London Boro,-0.187267,51.651033
1785,Brent London Boro,-0.288014,51.585221
1786,Barnet London Boro,-0.2139419,51.6463658
1787,Hounslow London Boro,-0.370697,51.468437
1788,Barnet London Boro,-0.2107076,51.6461879
1789,Barnet London Boro,-0.177089,51.648196
1790,Brent London Boro,-0.248123,51.583948
1791,Newham London Boro,0.017173,51.536775
1792,Newham London Boro,0.039155,51.544992
1793,Newham London Boro,0.065157,51.515635
1794,Tower Hamlets London Boro,-0.0265722,51.5265485
1795,Newham London Boro,0.001587,51.539461
1796,Newham London Boro,0.0182499,51.5295088
1797,Hackney London Boro,-0.080506,51.573782
1798,Haringey London Boro,-0.071582,51.578422
1799,Hackney London Boro,-0.075572,51.572046
1800,Hackney London Boro,-0.053357,51.556986
1801,Hackney London Boro,-0.059274,51.56071
1802,Enfield London Boro,-0.108991,51.621464
1803,Havering London Boro,0.179107,51.581999
1804,Hackney London Boro,-0.066998,51.560863
1805,Havering London Boro,0.236555,51.592036
1806,Hounslow London Boro,-0.397464,51.447431
1807,Hackney London Boro,-0.064738,51.562102
1808,Barnet London Boro,-0.168971,51.627945
1809,Croydon London Boro,-0.0856393,51.361307
1810,Barnet London Boro,-0.1399489,51.6270624
1811,Enfield London Boro,-0.1003244,51.6152089
1812,Enfield London Boro,-0.08655,51.63672
1813,Waltham Forest London Boro,0.0007208,51.5690169
1814,Redbridge London Boro,0.0594473,51.5676591
1815,Croydon London Boro,-0.1129254,51.4023338
1816,Harrow London Boro,-0.322465,51.580646
1817,Brent London Boro,-0.2197165,51.5444133
1818,Lambeth London Boro,-0.1326076,51.4295102
1819,Lambeth London Boro,-0.1313636,51.4332043
1820,Brent London Boro,-0.3120509,51.557477
1821,Lewisham London Boro,-0.0375564,51.428272
1822,Southwark London Boro,-0.050753,51.50011
1823,Southwark London Boro,-0.1021176,51.4962942
1824,Lewisham London Boro,-0.012703,51.450695
1825,Southwark London Boro,-0.069231,51.458006
1826,Southwark London Boro,-0.09208,51.486203
1827,Greenwich London Boro,0.066631,51.4300243
1828,Lewisham London Boro,0.0024833,51.447136
1829,Lewisham London Boro,-0.05713,51.4270333
1830,Haringey London Boro,-0.097573,51.579446
1831,Enfield London Boro,-0.054514,51.636643
1832,Harrow London Boro,-0.31112,51.597407
1833,Harrow London Boro,-0.3109739,51.597441
1834,Brent London Boro,-0.29814,51.558382
1835,Newham London Boro,0.051793,51.515582
1836,Lambeth London Boro,-0.1293848,51.469633
1837,Hillingdon London Boro,-0.4500148,51.5346341
1838,Barnet London Boro,-0.236875,51.582161
1839,Barking and Dagenham London Boro,0.086874,51.540475
1840,Waltham Forest London Boro,-0.022226,51.587553
1841,Waltham Forest London Boro,-0.017023,51.580435
1842,Lewisham London Boro,-0.0298296,51.4283132
1843,Croydon London Boro,-0.1027385,51.3962701
1844,Lambeth London Boro,-0.114113,51.474096
1845,Croydon London Boro,-0.118478,51.3374237
1846,Greenwich London Boro,0.09725,51.486972
1847,Kingston upon Thames London Boro,-0.2530156,51.4155308
1848,Enfield London Boro,-0.0657438,51.6342477
1849,Redbridge London Boro,0.071385,51.565848
1850,Greenwich London Boro,0.029282,51.4874124
1851,Brent London Boro,-0.313244,51.563843
1852,Redbridge London Boro,0.0669611,51.5608904
1853,Harrow London Boro,-0.3720702,51.5746099
1854,Brent London Boro,-0.2788068,51.566454
1855,Barking and Dagenham London Boro,0.122465,51.550997
1856,Redbridge London Boro,0.1101484,51.5704653
1857,Croydon London Boro,-0.117603,51.408587
1858,Croydon London Boro,-0.12099,51.40937
1859,Greenwich London Boro,0.0693672,51.4819636
1860,Greenwich London Boro,0.06853,51.4838309
1861,Richmond upon Thames London Boro,-0.314353,51.418983
1862,Bromley London Boro,0.052729,51.401411
1863,Croydon London Boro,-0.1357763,51.3428028
1864,Waltham Forest London Boro,-0.0162408,51.5701952
1865,Newham London Boro,0.0220364,51.5456573
1866,Havering London Boro,0.1958907,51.5759625
1867,Haringey London Boro,-0.1299829,51.5736277
1868,Redbridge London Boro,0.1014669,51.5673547
1869,Sutton London Boro,-0.1813286,51.3581824
1870,Barking and Dagenham London Boro,0.1553349,51.5518361
1871,Lewisham London Boro,-0.0179967,51.4368097
1872,Enfield London Boro,-0.1023983,51.6299001
1873,Croydon London Boro,-0.1408183,51.3349117
1874,Waltham Forest London Boro,-0.0097915,51.6170721
1875,Bromley London Boro,0.110694,51.407503
1876,Islington London Boro,-0.1298949,51.5472874
1877,Camden London Boro,-0.1413862,51.5537467
1878,Bromley London Boro,0.0330163,51.3445503
1879,Southwark London Boro,-0.078259,51.421941
1880,Haringey London Boro,-0.095868,51.587422
1881,Greenwich London Boro,0.034269,51.474547
1882,Redbridge London Boro,0.0594458,51.5781626
1883,Bromley London Boro,-0.0795305,51.4207839
1884,Bexley London Boro,0.1731687,51.4535113
1885,Greenwich London Boro,0.0860418,51.479002
1886,Waltham Forest London Boro,-0.0042951,51.5618993
1887,Greenwich London Boro,0.0504256,51.4909024
1888,Greenwich London Boro,0.023024,51.478474
1889,Bexley London Boro,0.090275,51.434596
1890,Sutton London Boro,-0.1656527,51.3845653
1891,Redbridge London Boro,0.0870474,51.5770274
1892,Richmond upon Thames London Boro,-0.3363096,51.4374438
1893,Greenwich London Boro,0.0507276,51.4912119
1894,Greenwich London Boro,0.050214,51.4906813
1895,Hackney London Boro,-0.07727,51.575305
1896,Tower Hamlets London Boro,-0.0471214,51.5230436
1897,Waltham Forest London Boro,0.0118222,51.5737011
1898,Waltham Forest London Boro,0.0114908,51.5730593
1899,Barnet London Boro,-0.26836,51.601775
1900,Redbridge London Boro,0.0963325,51.5620779
1901,Croydon London Boro,-0.093431,51.369887
1902,Lambeth London Boro,-0.1115682,51.429344
1903,Haringey London Boro,-0.0806502,51.586122
1904,Haringey London Boro,-0.1075138,51.5920347
1905,Haringey London Boro,-0.0970971,51.5998156
1906,Haringey London Boro,-0.1613597,51.5846266
1907,Redbridge London Boro,0.1008041,51.5611166
1908,Harrow London Boro,-0.368264,51.612561
1909,Barnet London Boro,-0.202838,51.562935
1910,Barnet London Boro,-0.2124458,51.6500356
1911,Southwark London Boro,-0.0436675,51.491287
1912,Southwark London Boro,-0.0618426,51.4686306
1913,Southwark London Boro,-0.0593017,51.4928777
1914,Southwark London Boro,-0.0743604,51.481054
1915,Haringey London Boro,-0.1139166,51.6064987
1916,Kingston upon Thames London Boro,-0.2998074,51.3625157
1917,Sutton London Boro,-0.1484068,51.3468124
1918,Croydon London Boro,-0.1079831,51.3865709
1919,Croydon London Boro,-0.118841,51.40849
1920,Croydon London Boro,-0.051036,51.348767
1921,Richmond upon Thames London Boro,-0.3631708,51.4311096
1922,Richmond upon Thames London Boro,-0.2542433,51.4640726
1923,Kingston upon Thames London Boro,-0.300111,51.3857388
1924,Croydon London Boro,-0.1141667,51.3903306
1925,Brent London Boro,-0.245095,51.5625016
1926,Brent London Boro,-0.2449258,51.5624001
1927,Brent London Boro,-0.2467692,51.5628593
1928,Brent London Boro,-0.247421,51.563175
1929,Barnet London Boro,-0.2054179,51.6522945
1930,Bromley London Boro,-0.0200437,51.3964487
1931,Bromley London Boro,0.100066,51.419142
1932,Wandsworth London Boro,-0.182608,51.458354
1933,Wandsworth London Boro,-0.221405,51.4479627
1934,Croydon London Boro,-0.118049,51.340618
1935,Hounslow London Boro,-0.3695747,51.4687104
1936,Kingston upon Thames London Boro,-0.295997,51.388331
1937,Kingston upon Thames London Boro,-0.2994399,51.3856212
1938,Kingston upon Thames London Boro,-0.2993631,51.3861416
1939,Kingston upon Thames London Boro,-0.3126502,51.3581871
1940,Kingston upon Thames London Boro,-0.2949073,51.417083
1941,Kingston upon Thames London Boro,-0.250474,51.400511
1942,Havering London Boro,0.1654905,51.5739023
1943,Hackney London Boro,-0.066455,51.573326
1944,Hackney London Boro,-0.0663693,51.5733521
1945,Haringey London Boro,-0.095229,51.589588
1946,Hackney London Boro,-0.0598,51.560834
1947,Haringey London Boro,-0.0962636,51.5876353
1948,Haringey London Boro,-0.085729,51.587646
1949,Hackney London Boro,-0.0875284,51.5739236
1950,Croydon London Boro,-0.106729,51.324005
1951,Croydon London Boro,-0.105832,51.320655
1952,Croydon London Boro,-0.129686,51.339662
1953,Newham London Boro,0.0388038,51.5119592
1954,Barnet London Boro,-0.184262,51.612
1955,Redbridge London Boro,0.0178486,51.5686787
1956,Sutton London Boro,-0.1502247,51.3508789
1957,Lewisham London Boro,0.003232,51.4458282
1958,Havering London Boro,0.20858,51.558177
1959,Havering London Boro,0.210969,51.561037
1960,Havering London Boro,0.210969,51.561037
1961,Camden London Boro,-0.1960393,51.5563622
1962,Enfield London Boro,-0.079216,51.6401843
1963,Enfield London Boro,-0.0745794,51.6511548
1964,Greenwich London Boro,0.1173305,51.4785982
1965,Greenwich London Boro,0.1176195,51.47862
1966,Greenwich London Boro,0.115522,51.489926
1967,Greenwich London Boro,0.0389332,51.4819302
1968,Greenwich London Boro,-0.0162082,51.4754212
1969,Greenwich London Boro,-0.0117855,51.4751305
1970,Enfield London Boro,-0.111679,51.62041
1971,Harrow London Boro,-0.3309495,51.6110261
1972,Hounslow London Boro,-0.3082145,51.4845409
1973,Croydon London Boro,-0.1227684,51.3877169
1974,Croydon London Boro,-0.1069367,51.3610775
1975,Hounslow London Boro,-0.3831694,51.4778613
1976,Brent London Boro,-0.300908,51.5715779
1977,Greenwich London Boro,0.1170312,51.5013645
1978,Sutton London Boro,-0.212784,51.352273
1979,Havering London Boro,0.208411,51.518629
1980,Lambeth London Boro,-0.110926,51.435917
1981,Croydon London Boro,-0.1211961,51.334149
1982,Enfield London Boro,-0.0971309,51.6314694
1983,Barking and Dagenham London Boro,0.0850429,51.5420544
1984,Brent London Boro,-0.307094,51.562756
1985,Brent London Boro,-0.2521205,51.5406921
1986,Enfield London Boro,-0.0556321,51.6117602
1987,Kingston upon Thames London Boro,-0.29082,51.389785
1988,Sutton London Boro,-0.205055,51.351984
1989,Bromley London Boro,0.0527032,51.4014109
1990,Sutton London Boro,-0.139144,51.342583
1991,Croydon London Boro,-0.1096492,51.4204193
1992,Croydon London Boro,-0.115164,51.405643
1993,Lewisham London Boro,-0.0113624,51.450753
1994,Sutton London Boro,-0.166296,51.362723
1995,Wandsworth London Boro,-0.2500454,51.4648989
1996,Richmond upon Thames London Boro,-0.3783695,51.4257015
1997,Lewisham London Boro,-0.005817,51.449858
1998,Barnet London Boro,-0.1299839,51.6291377
1999,Enfield London Boro,-0.0361986,51.6805898
2000,Enfield London Boro,-0.1549777,51.6615998
2001,Enfield London Boro,-0.086461,51.671586
2002,Bexley London Boro,0.1731687,51.4535113
2003,Ealing London Boro,-0.380342,51.540815
2004,Barnet London Boro,-0.2076583,51.645248
2005,Sutton London Boro,-0.1651327,51.3544407
2006,Waltham Forest London Boro,0.0074753,51.6197995
2007,Waltham Forest London Boro,0.007506,51.6199
2008,Tower Hamlets London Boro,-0.0500536,51.5337036
2009,Bexley London Boro,0.175337,51.47339
2010,Bromley London Boro,0.020614,51.40508
2011,Bromley London Boro,0.095898,51.375106
2012,Bromley London Boro,-0.022051,51.407903
2013,Bexley London Boro,0.1365442,51.4589149
2014,Brent London Boro,-0.29116,51.577155
2015,Croydon London Boro,-0.106352,51.363064
2016,Harrow London Boro,-0.3309136,51.615153
2017,Harrow London Boro,-0.330161,51.6151963
2018,Greenwich London Boro,0.0107163,51.4811126
2019,Islington London Boro,-0.1123467,51.5642539
2020,Kingston upon Thames London Boro,-0.2993631,51.3861416
2021,Kingston upon Thames London Boro,-0.2994399,51.3856212
2022,Lambeth London Boro,-0.145815,51.445475
2023,Wandsworth London Boro,-0.162465,51.442949
2024,Wandsworth London Boro,-0.16292,51.4430914
2025,Sutton London Boro,-0.1481332,51.359299
2026,Hillingdon London Boro,-0.4146145,51.5231097
2027,Redbridge London Boro,0.0898592,51.5590369
2028,Havering London Boro,0.2212373,51.6172383
2029,Bromley London Boro,0.0920616,51.3653455
2030,Bromley London Boro,0.092557,51.3651837
2031,Bexley London Boro,0.1035267,51.4681288
2032,Barking and Dagenham London Boro,0.0804496,51.5434759
2033,Waltham Forest London Boro,0.003962,51.618476
2034,Hounslow London Boro,-0.3700768,51.4683154
2035,Lambeth London Boro,-0.1115682,51.429344
2036,Lewisham London Boro,0.0016781,51.4425455
2037,Bromley London Boro,-0.0082509,51.4025168
2038,Waltham Forest London Boro,0.0020989,51.5678693
2039,Croydon London Boro,-0.1234673,51.4092746
2040,Croydon London Boro,-0.1024624,51.3807082
2041,Hounslow London Boro,-0.427137,51.448715
2042,Hounslow London Boro,-0.2610875,51.494209
2043,Hounslow London Boro,-0.381763,51.479183
2044,Bexley London Boro,0.1608344,51.4763926
2045,Hillingdon London Boro,-0.4459164,51.5580224
2046,Bexley London Boro,0.1368581,51.4508425
2047,Croydon London Boro,-0.0963698,51.3464009
2048,Croydon London Boro,-0.118049,51.340618
2049,Waltham Forest London Boro,0.0027122,51.5683625
2050,Harrow London Boro,-0.3288072,51.5923023
2051,Enfield London Boro,-0.0934196,51.6338282
2052,Hillingdon London Boro,-0.413123,51.608686
2053,Sutton London Boro,-0.139144,51.342583
2054,Hackney London Boro,-0.056684,51.553049
2055,Hackney London Boro,-0.070793,51.557796
2056,Hackney London Boro,-0.056441,51.557055
2057,Ealing London Boro,-0.3515646,51.532285
2058,Sutton London Boro,-0.1935582,51.3755386
2059,Sutton London Boro,-0.2036036,51.3817361
2060,Bexley London Boro,0.0962532,51.4294172
2061,Lambeth London Boro,-0.1229582,51.4561001
2062,Greenwich London Boro,0.0645055,51.4792244
2063,Greenwich London Boro,0.06853,51.4838309
2064,Waltham Forest London Boro,0.0062278,51.634092
2065,Hillingdon London Boro,-0.4382355,51.525852
2066,Haringey London Boro,-0.085729,51.587646
2067,Haringey London Boro,-0.1273211,51.608188
2068,Enfield London Boro,-0.0327808,51.6566488
2069,Lewisham London Boro,0.0163573,51.4295061
2070,Enfield London Boro,-0.072462,51.607345
2071,Camden London Boro,-0.1540338,51.5509699
2072,Sutton London Boro,-0.2102469,51.3506783
2073,City of Westminster London Boro,-0.1983837,51.5189269
2074,Bexley London Boro,0.1583753,51.4731105
2075,Croydon London Boro,-0.072352,51.392159
2076,Barnet London Boro,-0.1534532,51.6113025
2077,Ealing London Boro,-0.3802875,51.513109
2078,Sutton London Boro,-0.170624,51.357557
2079,Sutton London Boro,-0.145913,51.348113
2080,Barking and Dagenham London Boro,0.087921,51.543181
2081,Hounslow London Boro,-0.402147,51.44603
2082,City of Westminster London Boro,-0.1986448,51.5225285
2083,City of Westminster London Boro,-0.132049,51.490435
2084,Kensington and Chelsea London Boro,-0.2212349,51.519746
2085,City of Westminster London Boro,-0.192279,51.5326
2086,Kensington and Chelsea London Boro,-0.2023134,51.5201562
2087,Sutton London Boro,-0.1813286,51.3581824
2088,Waltham Forest London Boro,0.003962,51.618476
2089,Croydon London Boro,-0.1072315,51.362638
2090,Sutton London Boro,-0.1798606,51.3597063
2091,Lewisham London Boro,0.0019026,51.4453743
2092,Wandsworth London Boro,-0.1809879,51.4583334
2093,Wandsworth London Boro,-0.1833624,51.4577351
2094,Kingston upon Thames London Boro,-0.269449,51.402088
2095,Enfield London Boro,-0.0709607,51.6427042
2096,Haringey London Boro,-0.11634,51.606298
2097,Haringey London Boro,-0.069346,51.600459
2098,Greenwich London Boro,0.0624929,51.475484
2099,Hackney London Boro,-0.069524,51.561516
2100,Enfield London Boro,-0.08604,51.634409
2101,Croydon London Boro,-0.0924408,51.34765
2102,Bexley London Boro,0.094356,51.4483272
2103,Bexley London Boro,0.132526,51.457648
2104,Brent London Boro,-0.242273,51.540403
2105,Redbridge London Boro,0.074329,51.5554007
2106,Hounslow London Boro,-0.3634462,51.4734701
